10 Rules for Sleeping Around,20180802,1,,
12 Dates of Christmas,20180502,1,,
12 Dog Days Till Christmas ,20180215,1,,
13 Assassins,20180805,1,,
13 Going on 30 ,20180901,,,
30 Days of Night ,20180401,2,,
3000 Miles to Graceland,20180801,1,,
50 First Dates,20180601,1,,
8 Mile,20180601,1,,
88 Minutes ,20180401,2,,
A Christmas Kiss II ,20180215,1,,
A Cinderella Story,20180730,1,,
A Gang Story ,20180301,1,,
A Little Bit of Heaven,20180211,1,,
A Royal Night Out ,20180901,,,
A Star Is Born (1976),20180915,,,
Ace Ventura: Pet Detective,20180401,2,,
Ace Ventura: When Nature Calls ,20180401,2,,
Adventures in Babysitting ,20180801,1,,
Alice Through the Looking Glass,20180711,1,,
Alive ,20180701,1,,
All I Want for Christmas,20171201,1,,
Along Came Polly ,20180701,1,,
Alpha & Omega: Journey to Bear Kingdom,20180708,1,,
Alpha and Omega,20180626,1,,
America’s Funniest Home Video Kids: Holidazed,20171215,2,,
America’s Funniest Home Videos Kids: Animals With Attitude,20171215,2,,
America’s Funniest Home Videos Kids: It’s Tough Being a Kid,20171215,2,,
America’s Funniest Home Videos Kids: Playtime Ain’t for Wimps,20171215,2,,
America’s Funniest Home Videos: Nincompoop Nation,20171215,2,,
American Genius ,20180228,2,,
American Pie ,20180401,2,,
American Pie 2 ,20180401,2,,
Amores perros,20171224,1,,
An Honest Liar ,20180701,1,,
An Idiot Abroad: Seasons 1-3,20180219,2,,
Anastasia,20180301,1,,
Anthony Bourdain: Parts Unknown: Seasons 1-8,20180616,2,,
Apollo 13,20180401,2,,
Archer: Seasons 1–7,20180314,2,,
Are You Here,20180916,,,
Awake: Season 1,20180301,2,,
Aziz Ansari: Dangerously Delicious,20180220,1,,
Baby Daddy: Seasons 1-6,20180621,2,,
Baby’s Day Out,20180301,1,,
Back to the Secret Garden,20171101,1,,
Backstreet Boys: Show ‘Em What You’re Made Of,20180616,1,,
Batman (1989),20180401,2,,
Batman & Robin,20180401,2,,
Batman Begins,20180901,,,
Batman Forever ,20180401,2,,
Batman Returns,20180401,2,,
Beauty & the Briefcase ,20180502,1,,
Bedazzled,20171201,1,,
Beerfest ,20180701,1,,
Before I Go to Sleep ,20180215,1,,
Before Midnight,20180701,1,,
Before the Devil Knows You’re Dead,20180915,,,
Begin Again,20180427,2,,
Being Flynn,20180816,1,,
Believe ,20180311,1,,
Black Books: Series 1-3,20171101,2,,
Black Snake Moan,20171201,1,,
Bonnie & Clyde (2013),20180610,1,,
Bordertown,20180915,,,
Bordertown: Season 1,20180301,2,,
Brain Games: Seasons 3-4,20180228,2,,
Breakfast at Tiffany’s,20180702,1,,
Breakout Kings: Season 1,20180313,2,,
Breakout Kings: Season 2,20180301,2,,
Brickleberry: Seasons 1–3,20180301,2,,
Bridget Jones’s Diary,20180501,1,,
Bring It On ,20180701,1,,
Bring It On Again ,20180701,1,,
Bring It On: All or Nothing ,20180701,1,,
Bring It On: Fight to the Finish ,20180701,1,,
Bring It On: In It to Win It,20180701,1,,
Brubaker,20180201,1,,
Burn Notice: Seasons 1-7,20180215,2,,
Caddyshack,20180401,2,,
Cadet Kelly ,20180502,1,,
Cake,20180620,1,,
Camp Rock ,20180502,1,,
Camp Rock 2: The Final Jam,20180502,1,,
Can’t Buy Me Love ,20180801,1,,
Captain America: Civil War,20180625,1,,
Care Bears: Welcome to Care-a-Lot: Season 1,20180801,2,,
Casino,20180901,,,
Casper ,20180501,1,,
Cedar Cove: Seasons 1-3,20180618,2,,
Cesar 911: Season 1,20180228,2,,
Changeling ,20180716,1,,
Chappie ,20180501,1,,
Charlie and the Chocolate Factory (2005),20180401,2,,
Charlotte’s Web,20180501,1,,
Che: Parts 1 & 2,20171220,1,,
Chicago ,20180101,1,,
Chloe,20180304,1,,
Christmas Belle,20180215,1,,
Christmas With the Kranks,20171101,1,,
City of God: 10 Years Later,20180313,1,,
Cocktail,20180701,1,,
Compulsion,20171201,1,,
Convergence ,20180715,1,,
Cool Runnings,20180401,2,,
Cooper Barrett’s Guide to Surviving Life: Season 1,20180301,2,,
Corpse Bride ,20180201,1,,
Cousin Bette,20171201,1,,
Cow Belles ,20180502,1,,
Cristela: Season 1,20171116,2,,
Curious George,20180616,1,,
Curious George 3: Back to the Jungle,20180623,1,,
Cyberbully,20180502,1,,
Daddy Day Care ,20180101,1,,
Dance Academy: Series 1–3,20171219,2,,
Day Watch ,20180201,1,,
Dead Poets Society,20180901,,,
Death Sentence,20180401,2,,
Desk Set ,20180201,1,,
Disney’s Pete’s Dragon,20180914,,,
Disney’s Pirates of the Caribbean: Dead Man’s Chest,20180901,,,
Do I Sound Gay?,20171103,1,,
Dollhouse: Season 2,20171211,2,,
Dolphin Tale ,20180401,2,,
Don’t Be a Menace to South Central While Drinking Your Juice in the Hood (1996) ,20180101,1,,
Dragonheart: The Shadowed Claw,20180210,1,,
Dream House,20171116,1,,
Dressed to Kill (1941),20180101,1,,
Drillbit Taylor,20180615,1,,
E.T. the Extra-Terrestrial ,20180101,1,,
Eagle vs. Shark,20180401,2,,
Enquiring Minds ,20180201,1,,
Enron: The Smartest Guys in the Room,20180221,1,,
Enter the Battlefield ,20180816,1,,
Everyone’s Hero ,20180201,1,,
Exit Through the Gift Shop,20180422,2,,
Exporting Raymond,20180901,,,
Extremely Loud and Incredibly Close,20180701,1,,
Eyewitness,20180301,1,,
Family Guy: Seasons 1-8,20180214,2,,
Fantasia ,20180105,1,,
Fantasia 2000 ,20180105,1,,
FernGully: The Last Rainforest,20180301,1,,
Field of Dreams ,20180501,1,,
Finding Dory ,20180801,1,,
First Response,20180301,1,,
"For a Good Time, Call …",20180812,1,,
Forget and Forgive,20180301,1,,
Forgetting Sarah Marshall,20180901,,,
Forrest Gump ,20180101,1,,
Four Brothers ,20180101,1,,
Freakonomics,20180217,1,,
Free Willy ,20180101,1,,
Frenemies ,20180502,1,,
Friends With Benefits: Season 1,20180301,2,,
Futurama: Seasons 7–10,20180130,2,,
Geek Charming ,20180502,1,,
Get Rich or Die Tryin’,20171101,1,,
Ghostbusters ,20180901,,,
Glitch,20180311,1,,
Good Luck Charlie: It’s Christmas ,20180502,1,,
Goodfellas,20180501,1,,
Goosebumps,20171111,1,,
Grace of Monaco,20180608,1,,
Grease ,20180101,1,,
Gremlins ,20180101,1,,
Gridiron Gang,20180601,1,,
Gringolandia: Seasons 1-3,20171125,2,,
Hachi: A Dog’s Tale,20180901,,,
Hannah Montana: The Movie,20171105,1,,
Hannibal Buress: Animal Furnace,20180205,1,,
Hannibal Buress: Live from Chicago,20180205,1,,
Happy Tree Friends ,20180415,2,,
Hard Candy,20171101,1,,
Hard Candy ,20180201,1,,
Harold & Kumar Escape From Guantanamo Bay ,20180801,1,,
Hatched,20171130,1,,
Heavyweights,20171105,1,,
"Hello Sister, Goodbye Life",20180502,1,,
"Help, I’ve Shrunk the Family",20180813,1,,
High School Musical,20180502,1,,
High School Musical 2,20180502,1,,
Hitch ,20180301,1,,
Hoffa,20171201,1,,
Holes,20171205,1,,
Honeymoon,20180212,1,,
Hotel for Dogs,20180901,,,
How I Met Your Mother: Seasons 1-9,20171113,2,,
How to Steal a Million,20180201,1,,
Hugo,20171101,1,,
Hurricane of Fun: The Making of Wet Hot,20180730,1,,
I Am Ali,20180228,1,,
I Am Sam ,20180101,1,,
I Now Pronounce You Chuck and Larry,20180901,,,
In Like Flint,20180331,1,,
Iris,20180924,,,
It Might Get Loud,20180901,,,
It’s Always Sunny in Philadelphia: Seasons 1–11,20171209,2,,
J. Edgar,20180601,1,,
Jackass 3.5: The Unrated Movie,20180916,,,
Jackass Presents: Bad Grandpa .5,20180629,1,,
Jane Got a Gun,20180224,1,,
Jaws,20180301,1,,
Jaws 2,20180301,1,,
Jaws 3,20180301,1,,
Jaws: The Revenge,20180301,1,,
Jeff Dunham: Arguing With Myself,20171215,2,,
Jem and the Holograms: Seasons 1-3,20180816,2,,
Jessie: Seasons 1-4,20171115,2,,
Joan Rivers: Don’t Start With Me,20171116,1,,
John Mulaney: New in Town,20180401,2,,
Joyful Noise,20180901,,,
Jump In! ,20180502,1,,
Just Friends,20180901,,,
King Arthur,20180201,1,,
Kung Fu Panda 3,20180426,2,,
La Viuda Negra: Season 1,20171201,2,,
Leap Year,20180415,2,,
Legends: Seasons 1-2,20171130,2,,
Lemonade Mouth ,20180502,1,,
Less Than Zero ,20180301,1,,
Lethal Weapon ,20180701,1,,
Lethal Weapon 2 ,20180701,1,,
Lethal Weapon 3 ,20180701,1,,
Lethal Weapon 4 ,20180701,1,,
License to Drive ,20180101,1,,
Life in Pieces: Season 1,20180330,2,,
Lights Out: Season 1,20180301,2,,
Little Einsteins: Seasons 1–2,20180502,2,,
Little Women ,20180701,1,,
Littlest Pet Shop: Seasons 2-4,20180816,2,,
Lockup: County Jails: Collection 1,20180901,,,
London Has Fallen,20180313,1,,
Lost: Seasons 1–6,20180104,2,,
Lucky Number Slevin,20171210,1,,
Made of Honor ,20180101,1,,
Magic City: Seasons 1-2,20180201,2,,
Man on Wire,20180901,,,
Mean Girls ,20180101,1,,
Memento,20180301,1,,
Men in Black,20180601,1,,
Miami SWAT: Season 1,20180228,2,,
Michael Clayton ,20180701,1,,
Midnight in Paris ,20180701,1,,
Miss Congeniality ,20180101,1,,
Miss Congeniality 2: Armed and Fabulous ,20180101,1,,
Mixed Signals ,20180701,1,,
Mona Lisa Smile ,20180101,1,,
Moonrise Kingdom,20180916,,,
More Than a Game ,20180701,1,,
My Fake Fiancé ,20180502,1,,
My Left Foot,20180601,1,,
Naz & Maalik,20180615,1,,
Neerja,20180601,1,,
Never Let Me Go,20180401,2,,
Night Watch,20180201,1,,
Nightcrawler,20171210,1,,
Ocean’s Eleven,20180501,1,,
On Golden Pond,20180630,1,,
Open Season: Scared Silly ,20180201,1,,
Our Last Tango,20180216,1,,
Out of the Dark,20180601,1,,
Outsourced,20180902,,,
Pandemic,20180701,1,,
Pariah ,20180816,1,,
Perfect Stranger,20180201,1,,
Phineas and Ferb the Movie: Across the 2nd Dimension,20180502,1,,
Phineas and Ferb: Seasons 1–4,20180502,2,,
Picture Perfect,20171201,1,,
Piglet’s Big Movie,20180701,1,,
Pirates of the Caribbean: The Curse of the Black Pearl,20171225,1,,
Police Academy ,20180101,1,,
Pound Puppies: Seasons 1-3,20180816,2,,
Practical Magic,20171201,1,,
Princess Kaiulani,20180601,1,,
Princess Protection Program,20180502,1,,
Princess: A Modern Fairytale,20180502,1,,
Project X ,20180201,1,,
Pulp Fiction ,20180101,1,,
Ratchet and Clank ,20180709,1,,
Ravenous,20171101,1,,
Read It and Weep ,20180502,1,,
Reasonable Doubt ,20180801,1,,
Rebelde,20171201,1,,
Reggie Yates Outside Man: Volume 2,20171117,2,,
Requiem for a Dream ,20180101,1,,
Revenge of the Bridesmaids ,20180502,1,,
Rosewood: Season 1,20180301,2,,
Rugrats Go Wild,20180701,1,,
Rules of Engagement: Seasons 1 - 7,20180911,,,
Safe Haven,20180304,1,,
Sahara,20180501,1,,
Salem: Seasons 2-3,20180301,2,,
Sausage Party,20180823,1,,
Save the Date,20180216,1,,
Saw ,20180101,1,,
Saw II ,20180101,1,,
Saw III ,20180101,1,,
Saw IV ,20180101,1,,
Saw V ,20180101,1,,
Saw VI ,20180101,1,,
Saw: The Final Chapter,20180101,1,,
Scary Movie ,20180701,1,,
Scary Movie 2,20171201,1,,
Scary Movie 3,20171201,1,,
Scream 3,20180701,1,,
Seeking a Friend for the End of the World,20180816,1,,
Serena,20180709,1,,
Set Up,20180401,2,,
Shark Men: Season 3,20180602,2,,
Sharpay’s Fabulous Adventure,20180502,1,,
Silent Hill ,20180501,1,,
Silver Streak,20180201,1,,
Sin City: A Dame to Kill For,20180622,1,,
Sirens: Seasons 1–2,20180115,2,,
Sky High,20171105,1,,
Slums of Beverly Hills,20180301,1,,
Small Is Beautiful: A Tiny House Documentary,20180715,1,,
Small Shots: Season 1,20180301,2,,
Small Soldiers ,20180401,2,,
Someone Like You ,20180101,1,,
Somewhere Only We Know,20171117,1,,
Son of God,20180416,2,,
Special Agent Oso: Seasons 1–2,20180502,2,,
St. Vincent,20180810,1,,
Standby,20180312,1,,
Starry Eyes,20180403,2,,
StarStruck ,20180502,1,,
Steve Jobs: One Last Thing,20180322,1,,
Stranger by the Lake,20180201,1,,
Stuart Little 3: Call of the Wild,20180901,,,
Super,20180616,1,,
Super Size Me,20171201,1,,
Swing State,20180730,1,,
Talladega Nights: The Ballad of Ricky Bobby,20180512,1,,
Teen Spirit,20180502,1,,
Terminator 3: Rise of the Machines,20180701,1,,
Terriers: Season 1,20171201,2,,
The 40-Year-Old Virgin,20180816,1,,
The Addams Family ,20180101,1,,
The Adventures of Chuck & Friends: Season 2,20180816,2,,
The Angry Birds Movie,20180601,1,,
The Art of War,20180701,1,,
The Assets,20180901,,,
﻿The Awakening,20180331,1,,
The Benchwarmers,20180201,1,,
The Boy in the Striped Pajamas,20180101,1,,
The Break-Up,20171116,1,,
The Brothers,20171101,1,,
The Brothers Grimm,20180601,1,,
The Bucket List,20180901,,,
The Carmichael Show: Seasons 1–2,20180301,2,,
The Catch: Season 1,20180228,2,,
The Chase,20180301,1,,
The Cheetah Girls ,20180502,1,,
The Cheetah Girls 2,20180502,1,,
The Cheetah Girls: One World ,20180502,1,,
The Chicago Code: Season 1,20180301,2,,
The Craft,20180301,1,,
The Crazy Ones: Season 1,20180301,2,,
The Crucible,20171201,1,,
The Dark Knight ,20180901,,,
The Day the Earth Stood Still (1951),20180101,1,,
The Den,20180729,1,,
The Descent,20180901,,,
The Descent: Part 2,20180901,,,
The Desert Fox: The Story of Rommel ,20180101,1,,
The Dukes of Hazzard (2005),20180401,2,,
The Emperor’s New Clothes,20180412,2,,
The Exorcism of Emily Rose,20180501,1,,
The Exorcism of Molly Hartley,20180420,2,,
The Finder: Season 1,20180301,2,,
The Finest Hours,20180306,1,,
The Five Heartbeats,20180201,1,,
The Fury,20180201,1,,
The Gambler,20171130,1,,
The Gates: Season 1,20180329,2,,
The Giver,20180615,1,,
The Good Son ,20180331,1,,
The Gospel Road: A Story of Jesus,20171201,1,,
The Great Gatsby (1974),20180615,1,,
The Hallow,20180405,2,,
The Heartbreak Kid (2007),20171108,1,,
The Host,20180105,1,,
The Host (2013),20180507,1,,
The Human Centipede: First Sequence,20171115,1,,
The Hurt Locker ,20180501,1,,
The Imitation Game,20180928,,,
The Inn of the Sixth Happiness ,20180101,1,,
The Jungle Book,20180530,1,,
The Killing: Seasons 1-3,20180801,2,,
The Killing: Seasons 1–2,20180313,2,,
The Legend of Hell House,20171101,1,,
The Life Aquatic With Steve Zissou,20180326,1,,
The Longest Day,20180201,1,,
The Man from Snowy River,20171201,1,,
The Man with One Red Shoe ,20180101,1,,
The Manhattan Project ,20180101,1,,
The Matrix,20171101,1,,
The Matrix Reloaded,20171101,1,,
The Matrix Revolutions,20171101,1,,
The Men Who Stare at Goats,20180401,2,,
The Mighty Ducks ,20180101,1,,
The Newton Boys,20171101,1,,
The Nightingale,20180405,2,,
The Nightmare Before Christmas ,20180201,1,,
The Panic in Needle Park,20180301,1,,
The Parent Trap (1998),20180101,1,,
The Prestige,20180421,2,,
The Pursuit of Happyness,20180401,2,,
The Queen of Versailles,20171213,1,,
The Rite,20171210,1,,
The Road,20180825,1,,
The Santa Clause ,20180312,1,,
The Santa Clause 2,20180312,1,,
The Santa Clause 3: The Escape Clause ,20180312,1,,
The Secret Garden ,20180101,1,,
The Secret Life of the American Teenager: Seasons 1–5,20180502,2,,
The Shawshank Redemption,20180401,2,,
The Spy Next Door,20180601,1,,
The Switch ,20180101,1,,
The Texas Chainsaw Massacre: The Beginning,20180203,1,,
The Trials of Muhammad Ali,20180609,1,,
The Warlords,20171122,1,,
The Whole Nine Yards,20180401,2,,
The Young Victoria,20180601,1,,
Thomas & Friends: A Very Thomas Christmas,20171101,2,,
Thomas & Friends: Holiday Express,20171101,2,,
Thomas & Friends: Merry Winter Wish,20171101,2,,
Thomas & Friends: The Christmas Engines,20171101,2,,
Thomas & Friends: Ultimate Christmas,20171101,2,,
Three Coins in the Fountain ,20180101,1,,
Tin Man,20180201,2,,
To Rome With Love,20180501,1,,
"To Wong Foo, Thanks for Everything! Julie Newmar",20180501,1,,
Top Gear: Series 19-23,20180201,2,,
Touch: Season 2,20171201,2,,
Toys,20171201,1,,
Traffic Light: Season 1,20180301,2,,
Training Day,20180601,1,,
Transformers Prime: Seasons 2-3,20180816,2,,
Transformers: Rescue Bots: Seasons 2-4,20180816,2,,
Trigger Point,20180301,1,,
Tropic Thunder,20180701,1,,
Twilight,20171101,1,,
Two Girls and a Guy,20171201,1,,
Two Wrongs,20180301,1,,
Underdogs,20180615,1,,
Untraceable,20180601,1,,
V for Vendetta,20180701,1,,
V for Vendetta,20171101,1,,
V/H/S: Viral,20180319,1,,
VHS,20180103,1,,
Vice,20180601,1,,
Victoria,20180308,1,,
Vincent N Roxxy,20180202,1,,
Voltron 84: Season 1,20180324,2,,
Voyage to the Bottom of the Sea,20180201,1,,
Waffle Street,20180902,,,
Waking Life,20171201,1,,
Walk Hard: The Dewey Cox Story,20180801,1,,
Wanted,20180716,1,,
We Are Still Here,20171115,1,,
Welcome to Me,20180806,1,,
Wendy Wu: Homecoming Warrior,20180502,1,,
What Our Fathers Did: A Nazi Legacy,20180601,1,,
While You Were Sleeping,20180601,1,,
White Chicks ,20180101,1,,
Who Framed Roger Rabbit,20180324,1,,
Wild Hogs,20180714,1,,
Wild Wild West,20180401,2,,
Wizards of Waverly Place: The Movie,20180502,1,,
xXx,20180301,1,,
Young Frankenstein,20171201,1,,
Young Mr. Lincoln,20180101,1,,
Yu-Gi-Oh! Bonds Beyond Time,20171201,2,,
Yu-Gi-Oh! Zexal: Seasons 1-2,20171201,2,,
Z Storm,20180417,2,,
Zootopia,20180320,1,,
10 Things I Hate About You,20170801,1,,
10.0 Earthquake (2014),20161001,1,,
100 Below Zero (2013),20150910,1,,
101 Dalmatians (1996),20160401,1,,
11 Blocks,20170501,1,,
1492: Conquest of Paradise (1992),20151101,1,,
2 Fast 2 Furious (2003),20160901,1,,
2 Fast 2 Furious (2003),20160401,1,,
2001: A Space Odyssey (1968),20160701,1,,
30 for 30: Bernie and Ernie,20170101,1,,
30 for 30: Jordan Rides the Bus,20170101,1,,
30 for 30: No Crossover: The Trial of Allen Iverson,20170101,1,,
30 for 30: Once Brothers,20170101,1,,
30 for 30: Requiem for the Big East,20170101,1,,
30 for 30: The Day the Series Stopped,20170101,1,,
30 for 30: The Price of Gold,20170101,1,,
30 for 30: Winning Time: Reggie Miller vs. The New York Knicks,20170101,1,,
30 for 30: Without Bias,20170101,1,,
30 Rock: Seasons 1–7,20171001,2,,
360 (2011),20151206,1,,
4:44: Last Day on Earth,20170609,1,,
50 First Dates (2004),20161201,1,,
6 Guns,20170329,1,,
666 Park Avenue (Season 1),20160930,2,,
9/11: Stories in Fragments,20170701,1,,
A Clockwork Orange (1971),20160701,1,,
A Clockwork Orange (1971),20160101,1,,
A Fantastic Fear of Everything,20170415,1,,
A Gifted Man: Season 1,20170926,2,,
A Girl Walks Into a Bar (2011),20151112,1,,
A Late Quartet (2012),20160618,1,,
A League of Their Own (1992),20160701,1,,
A Love in Times of Selfies,20171001,1,,
A Nightmare on Elm Street,20170901,1,,
A Nightmare on Elm Street (1984),20151001,1,,
A Nightmare on Elm Street 2: Freddy’s Revenge (1985),20160830,1,,
A Pope For Everyone (2013),20160515,1,,
A Royal Affair (2012),20160425,1,,
A Walk to Remember (2002),20160901,1,,
A Wrinkle in Time (2003),20160601,1,,
A.C.O.D. ,20170201,1,,
About a Boy (2002),20160601,1,,
Across the Universe,20171001,1,,
Addams Family Values (1993),20160801,1,,
Adventures of Pepper and Paula,20170712,1,,
Agent Cody Banks 2: Destination London (2004),20150901,1,,
Agent F.O.X.,20170624,1,,
Alexandria (2010),20151027,1,,
Alfie,20170501,1,,
Alias (Seasons 1–5),20160925,2,,
All About Eve (1950),20151201,1,,
All American Christmas Carol (2013),20160415,1,,
All Stars Pup ,20170325,1,,
All That Glitters,20170715,1,,
Allegiance (2012)|,20160701,1,,
Ally McBeal: Seasons 1–5,20170401,2,,
Almost Famous (2000),20161101,1,,
Almost Famous (2000),20160101,1,,
Along Came a Spider (2001),20160401,1,,
Along Came Polly (2004),20160701,1,,
Along Came Polly (2004),20160401,1,,
Alpha and Omega 2: A Howl-iday Adventure (2013),20151007,1,,
Alpha and Omega 3: The Great Wolf Games (2014),20151007,1,,
Alpha and Omega: The Legend of the Saw Tooth Cave (2014),20151122,1,,
Alvin and the Chipmunks Meet Frankenstein,20170101,1,,
Alvin and the Chipmunks Meet Frankenstein (1999),20160201,1,,
Alvin and the Chipmunks Meet the Wolfman,20170101,1,,
Alvin and the Chipmunks Meet the Wolfman (2000),20160301,1,,
Amapola,20170505,1,,
Amelie ,20181101,,,
America in Primetime (2011),20151101,1,,
America’s Secret D-Day Disaster,20170701,1,,
America’s Sweethearts (2001),20151029,1,,
American Beauty (1999),20161201,1,,
American Dad! Season 6,20170417,2,,
American Dad!: Season 7,20170507,2,,
American Dad!: Season 8,20170511,2,,
American Dad!: Seasons 1-4,20170815,2,,
American Dad!: Seasons 9 & 10,20170517,2,,
American Dreamz,20170316,1,,
American Masters: Billie Jean King (2013),20151001,1,,
American Pie (1999),20160301,1,,
American Pie Presents: Band Camp,20170701,1,,
American Pie Presents: Beta House,20170701,1,,
American Pie Presents: The Naked Mile,20170701,1,,
American Psycho (2000),20160101,1,,
American Psycho 2 (2002),20160101,1,,
American Wedding (2003),20160301,1,,
Amistad (1997),20160401,1,,
An American Girl: Saige Paints the Sky ,20170201,1,,
An Inconvenient Truth ,20170201,1,,
An Unmarried Woman,20170701,1,,
Analyze That (2002),20151001,1,,
Analyze This (1999),20151001,1,,
Anchorman 2: The Legend Continues (2013),20150930,1,,
Anchors Aweigh (1945),20160402,1,,
Angel Heart (1987),20161101,1,,
Angel: Seasons 1–5,20170401,2,,
Angela’s Ashes (1999),20151001,1,,
Angry Birds Toons: Season 1,20170101,2,,
"Angus, Thongs and Perfect Snogging",20170701,1,,
Anna Karenina,20181112,,,
Anna Karenina (1948),20160501,1,,
Annie Hall (1977),20151001,1,,
Another Gay Movie (2006),20160930,1,,
Anthony Bourdain: Parts Unknown: Seasons 1 – 5,20170515,2,,
Anywhere But Here (1999),20160901,1,,
Apocalypse Now (1979),20150930,1,,
Army Wives: Seasons 1 – 7,20170910,2,,
Arn: The Knight Templar (2007),20160309,1,,
Around the World in 80 Days: Special Edition (1956),20160402,1,,
Art of Flight: The Series,20151124,2,,
Ashby ,20170201,1,,
Asylum (2005),20160201,1,,
Atlantis: The Lost Empire (2001),20160301,1,,
Author! Author! (1982),20160501,1,,
Avengers Confidential: Black Widow & Punisher (2014),20160901,1,,
B for Boy ,20170315,1,,
Babe,20170801,1,,
Babe Winkelman’s Outdoor Secrets: 2014: Quarter 4,20170801,2,,
Babe: Pig in the City,20170801,1,,
Baby’s Day Out (1994),20151001,1,,
Back to the Future (1985),20161001,1,,
Back to the Future Part II (1989),20161001,1,,
Back to the Future Part III (1990),20161001,1,,
Bad Ink (Season 1),20160108,2,,
Bad Johnson (2014),20160401,1,,
Bad Santa (2003),20160201,1,,
Bali (Season 1),20151101,2,,
Balto 3: Wings of Change (2004),20151101,1,,
Bandits (2001),20151001,1,,
Bandslam (2009),20160401,1,,
Bang Bang!,20170501,1,,
Barbershop 2: Back in Business,20170401,1,,
Barefoot Contessa: Back to Basics Collection (Collection 1),20160401,2,,
Barfi! (2012),20160528,1,,
Barnyard (2006),20161101,1,,
Barnyard (2006),20151001,1,,
Barton Fink,20171001,1,,
Batman,20170701,1,,
Batman & Robin (1997),20151101,1,,
Batman Begins (2005),20151201,1,,
Becoming Chaz (2010),20150910,1,,
Bel Ami (2012),20151122,1,,
Bella,20171001,1,,
Beneath the Helmet,20170801,1,,
Benny and Joon (1993),20160201,1,,
Berkeley in the Sixties (1990),20160401,1,,
Best in Show (2000),20160701,1,,
Best Kept Secret (2013),20151101,1,,
Best Laid Plans (1999),20151101,1,,
Best of TEDx (Season 1),20160315,2,,
Best of Teletubbies,20150915,2,,
Better Off Ted: Season 1,20170401,2,,
Better Off Ted: Season 2,20170901,2,,
Better Than Chocolate (1999),20150901,1,,
Beverly Hills Cop II (1987),20161001,1,,
Beverly Hills Cop III (1994),20151201,1,,
Beware of Mr. Baker (2012),20160501,1,,
Bewitched,20170101,1,,
Beyond Borders (2003),20151001,1,,
Beyond Scared Straight! (Seasons 4–5),20160108,2,,
Beyond the Hills (2012),20161216,1,,
Big Daddy,20171001,1,,
Big Fish (2003),20160201,1,,
Bill & Ted’s Bogus Journey ,20170303,1,,
Bill & Ted’s Excellent Adventure (1989),20160501,1,,
Bill Cunningham New York (2010),20160415,1,,
Bizarre Foods With Andrew Zimmern Collection,20151001,2,,
Black Hawk Down,20170201,1,,
Black Hawk Down (2001),20160523,1,,
Black Mamba: Kiss of Death,20170501,1,,
Black Ops (series 2),20161201,1,,
Black or White ,20170302,1,,
Black Widow,20170801,1,,
Black Wings,20170701,1,,
Blade 2,20170101,1,,
Blade Runner: Theatrical Cut (1982),20160516,1,,
Blazing Saddles,20170701,1,,
Blitz (2011),20160823,1,,
Blondie’s New York,20170701,1,,
Blue Crush (2002),20160201,1,,
Bob Saget: That’s What I’m Talkin’ About (2013),20160915,1,,
Bob the Builder: Season 1,20170614,2,,
Bob’s Burgers: Season 2,20170507,2,,
Bombay Velvet ,20170920,1,,
"Bombs, Bullets and Fraud",20170701,1,,
Bones: Seasons 1–4,20170401,2,,
Bones: Seasons 5–11,20171021,2,,
Born to Defense ,20170430,1,,
Bottle Shock (2008),20160203,1,,
Bounce (2000),20160601,1,,
Bowfinger (1999),20160801,1,,
Boy ,20170315,1,,
Boys of Abu Ghraib,20170614,1,,
Bratz Kidz: Fairy Tales (2007),20151012,1,,
Bratz the Video: Starrin’ & Stylin’ (2004),20150915,1,,
Bratz: Babyz: The Movie ,20170201,1,,
Bratz: BFF: Best Friends Forever (2007),20160515,1,,
Bratz: Desert Jewelz (2011),20150929,1,,
Bratz: Diamondz (2006),20151117,1,,
Bratz: Friendship Is Always in Style (2014),20150909,1,,
Bratz: Genie Magic (2006),20151026,1,,
Bratz: Good Vibes (2011),20151103,1,,
Bratz: Pampered Petz (2010),20151110,1,,
Bratz: Rock Angelz (2005),20150901,1,,
Bratz: Super Babyz ,20170201,1,,
Bratz: The Movie (2007),20161101,1,,
Braxton Family Values (Season 3),20160731,1,,
Braxton Family Values (Season 3),20151031,2,,
Breakfast at Tiffany’s,20170101,1,,
Breaking the Girls (2013),20151119,1,,
Breath of the Gods,20170624,1,,
Brian’s Song (1971),20151201,1,,
Brian’s Song (2001),20151201,1,,
Bridezillas (Season 10),20160211,2,,
Bridget Jones: The Edge of Reason (2004),20151215,1,,
Bridget Jones’s Diary (2001),20160601,1,,
Bring It On,20170101,1,,
Bring It On: All or Nothing,20170101,1,,
Broadway Idiot (2013),20160501,1,,
Bronies: The Extremely Unexpected Adult Fans of My Little Pony (2013),20151230,1,,
Brothers in War ,20170215,1,,
Brüno (2009),20151016,1,,
Buffy the Vampire Slayer: Seasons 1–7,20170401,2,,
Bulworth (1998),20160701,1,,
Burning Man (2011),20151127,1,,
Bus Stop (1956),20160501,1,,
Butch Cassidy and the Sundance Kid (1969),20160701,1,,
Buying & Selling (Seasons 1–2),20151001,2,,
C.O.G. (2013),20151209,1,,
Caillou (Season 5),20160701,2,,
Call Me Crazy: A Five Film (2013),20160901,1,,
Camp Takota (2014),20161201,1,,
Can’t Hardly Wait (1998),20161101,1,,
Caprica (Season 1),20151001,2,,
Care Bears: Big Wish Movie (2005),20150901,1,,
Care Bears: Journey to Joke-­a-­Lot (2004),20150901,1,,
Carmen Jones (1954),20161201,1,,
Carousel,20171001,1,,
Cats & Dogs (2001),20161201,1,,
Changing Lanes (2002),20151101,1,,
Changing Seas: Seasons 3-6,20170815,2,,
Chaplin ,20170401,1,,
Charlie and the Chocolate Factory (2005),20160101,1,,
Charlie Bartlett (2007),20151001,1,,
Charlie’s Angels (2000),20160815,1,,
Charlie’s Angels: Full Throttle (2003),20160401,1,,
Charlotte’s Web 2: Wilbur’s Great Adventure ,20170201,1,,
Cheech & Chong’s Hey Watch This (2010),20150902,1,,
Cheech & Chong’s Up in Smoke (1978),20160701,1,,
Cheerful Weather for the Wedding (2012),20160509,1,,
Chicagoland (Season 1),20160224,2,,
Chico & Rita (2010),20151016,1,,
Chopped Collection: Collection 2,20170101,2,,
Chowder (seasons 1–3),20161124,2,,
Chris Porter: Ugly and Angry ,20170215,1,,
Chuck (seasons 1–5),20161101,2,,
Chuck’s Eat the Street Collection (Collection 1),20160401,2,,
Classic Doctor Who (Collections 1–18),20160201,2,,
Clear and Present Danger (1994),20160601,1,,
Cleopatra (1963),20151101,1,,
Clerks ,20170201,1,,
Clerks (1994),20160531,1,,
Click (2006),20160601,1,,
Clifford the Big Red Dog (Seasons 1­2),20160814,2,,
Clifford’s Puppy Days (Seasons 1­2),20160814,2,,
Clockstoppers (2002),20151001,1,,
Close Quarter Battle: Season 1,20170815,2,,
Closure ,20170215,1,,
Clueless,20170228,1,,
Coach (season 1­9),20150915,2,,
Coach Carter (2005),20160101,1,,
Cold Mountain (2003),20151001,1,,
Collateral Damage,20170403,1,,
Color Crew (2010),20160715,1,,
Columbo: Seasons 1 – 7,20170101,2,,
Comic Book Men (season 2),20150929,2,,
Coming to America,20170101,1,,
Compliance (2012),20160207,1,,
Conan the Barbarian (1982),20160101,1,,
Congo (1995),20161001,1,,
Conspiracy Theory (1997),20151101,1,,
Cop Land (1997),20151201,1,,
Coriolanus (2011),20150929,1,,
Corky Romano (2001),20150914,1,,
Corpse Bride (2005),20160101,1,,
Cosmopolis (2012),20160318,1,,
Courage the Cowardly Dog (seasons 1–4),20161124,2,,
Coyote Ugly (2000),20160101,1,,
Cracks (2009),20160509,1,,
Cradle 2 the Grave,20171001,1,,
Crafting a Nation,20171001,1,,
Craigslist Joe (2012),20160401,1,,
Crank (2006),20151009,1,,
Crash,20170101,1,,
Crash & Bernstein (season 1­2),20150910,2,,
Criminal Minds: Suspect Behavior (Season 1),20160101,2,,
Crocodile Dundee (1986),20160901,1,,
Crocodile Dundee 2 (1988),20160201,1,,
Crooked Arrows (2012),20160227,1,,
Crossfire,20181101,,,
"Crouching Tiger, Hidden Dragon (2000)",20150901,1,,
Cruel Intentions ,20181101,,,
Cruel Intentions 2 ,20181101,,,
Cruel Intentions 3 ,20181101,,,
Crystal Fairy & the Magical Cactus (2013),20151119,1,,
CSI: Miami: Seasons 1 – 10,20170926,2,,
CSI: NY: Seasons 1–8,20170629,2,,
Cujo,20170501,1,,
Cupcake Wars Collection: Collection 2,20170101,2,,
Curious George 2: Follow That Monkey! (2009),20150901,1,,
Curious George: A Halloween Boo Fest,20171001,1,,
Curious George: Swings Into Spring (2013),20161201,1,,
D2: The Mighty Ducks,20170601,1,,
Daddy’s Home,20170619,1,,
Daddy’s Little Girls,20171001,1,,
Damien: Omen II (1978),20151201,1,,
Dance Moms (Collection),20160108,2,,
Daniel Tiger’s Neighborhood (Seasons 1 and 2),20160701,2,,
Dark Skies (2013),20161222,1,,
Dark Was the Night,20171001,1,,
Darkman (1990),20160601,1,,
David Attenborough’s Rise of the Animals: Triumph of the Vertebrates: Season 1,20171001,2,,
Day of the Kamikaze,20171001,1,,
Day of the Kamikaze,20170701,1,,
Daylight (1996),20160201,1,,
Days of Heaven (1978),20151001,1,,
Days of Thunder (1990),20160901,1,,
Dazed and Confused,20170101,1,,
Dead Man Walking (1995),20151001,1,,
Deadfall (2012),20160307,1,,
Dear Genevieve Collection (Collection 1),20160401,2,,
Death Beach,20171001,1,,
Death Beach,20170701,1,,
Death Note (2006),20160831,1,,
Death Row Stories (Season 1),20160224,2,,
Death Warrant (1990),20151101,1,,
Deep Impact (1998),20161001,1,,
Defending Your Life (1991),20160901,1,,
Déjà Vu,20170924,1,,
Deliverance (1972),20161101,1,,
Delta Farce (2007),20150904,1,,
Destination Truth (Season 4),20151001,2,,
Detropia,20170329,1,,
Devil (2010),20161016,1,,
Dinosaur Train (Season 2),20160701,2,,
Dinosaurs (season 1­4),20150903,2,,
"Dirty Mary, Crazy Larry",20170801,1,,
Disney Animation Collection: Vol. 5: Wind in the Willows,20160601,1,,
Do Not Disturb ,20170901,1,,
Doctor Who (Seasons 1–8),20160201,2,,
Dollhouse: Season 1,20170401,2,,
Domestic Disturbance (2001),20151001,1,,
Don’t Be a Menace to South Central While Drinking Your Juice in the Hood (1996),20161201,1,,
Doomsday Preppers (season 1­3),20150901,2,,
Doomsdays,20170501,1,,
Dope,20170810,1,,
Double Jeopardy (1999),20160901,1,,
Down and Out in Beverly Hills (1986),20160301,1,,
Down to Earth (2001),20151001,1,,
Dowry Law,20171001,1,,
Dr. Dolittle 3 (2006),20160331,1,,
Dr. Dolittle: Tail to the Chief,20171001,1,,
Dragon Guardians,20170624,1,,
Dragonwolf,20170327,1,,
Drive Me Crazy (1999),20160701,1,,
Drones,20170814,1,,
Drumline: A New Beat,20170903,1,,
Duck Dynasty (Collection),20160108,2,,
"Dude, Where’s My Car? (2000)",20160601,1,,
Dumbo (1941),20160104,1,,
Duplex (2003),20160601,1,,
E.T. the Extra-Terrestrial (1982),20161101,1,,
Echelon Conspiracy (2009),20161101,1,,
Eight Crazy Nights (2002),20161101,1,,
El Dorado,20170701,1,,
Elaine Stritch: Shoot Me (2013),20160624,1,,
Election (1999),20160501,1,,
Electric Slide,20170801,1,,
Electrick Children (2012),20150901,1,,
Elegy (2008),20160317,1,,
Elias: Rescue Team Adventures (Season 1),20160601,1,,
Elizabeth ,20170201,1,,
Elizabeth: The Golden Age (2007),20161201,1,,
Elizabethtown,20170801,1,,
Ella Enchanted (2004),20151001,1,,
Emily Bronte’s Wuthering Heights (1992),20160301,1,,
Empire State (2012),20161101,1,,
Employee of the Month (2006),20151201,1,,
Entertainment,20170304,1,,
Equilibrium (2002),20161101,1,,
Erasing Hate ,20170328,1,,
Erin Brockovich (2000),20161001,1,,
Escape From Tomorrow (2013),20160527,1,,
Escape to Witch Mountain (1975),20161101,1,,
Estranged (2015),20161016,1,,
Eureka (Season 4.0),20160401,2,,
Eureka Seven (Seasons 1–2),20160602,2,,
Event Horizon (1997),20161201,1,,
Everybody Loves Raymond (Seasons 1–9),20161001,2,,
Exile Nation: The Plastic People ,20170215,1,,
Exporting Raymond (2010),20160901,1,,
Extract ,20170201,1,,
Failure to Launch ,20170201,1,,
Family Guy: Seasons 9–14,20171029,2,,
Fantastic Four,20170501,1,,
Far From Home: The Adventures of Yellow Dog (1995),20160601,1,,
Farewell Herr Schwarz,20170609,1,,
Fargo (1996),20151101,1,,
Fatal Attraction (1987),20161101,1,,
Fela Kuti: Music Is the Weapon (1982),20151101,1,,
FernGully 2: The Magical Rescue,20170501,1,,
FernGully: The Last Rainforest (1992),20150901,1,,
Ferris Bueller’s Day Off ,20170401,1,,
Final Destination 3,20170101,1,,
Finding Fanny,20170920,1,,
Finding Normal (2013),20160506,1,,
Firefly ,20170401,2,,
Fixer Upper: Seasons 1 and 2,20170101,2,,
Flashdance (1983),20160401,1,,
Flashpoint (Seasons 1 to 5),20160701,2,,
Fleabag Monkeyface (Season 1),20151115,2,,
Fletch (1985),20160201,1,,
Flicka 2,20170701,1,,
Flicka: Country Pride,20170501,1,,
Flight of the Intruder (1991),20160901,1,,
Flip or Flop: Season 1,20170101,2,,
Flower Girl,20170410,1,,
Flubber,20170505,1,,
Food Chains ,20170305,1,,
Food Matters,20170814,1,,
Forces of Nature (1999),20151201,1,,
Four Blood Moons,20170811,1,,
Four Brothers (2005),20160101,1,,
Frailty ,20170901,1,,
Freakshow (Season 1),2016042,2,,
Free the Nipple,20170609,1,,
Freelancers (2012),20151020,1,,
Frequencies (2013),20161201,1,,
Fresh (1994),20161101,1,,
Frida ,20170201,1,,
Friday Night Lights: Seasons 1–5,20171001,2,,
Fringe (Seasons 1–5),20160911,2,,
From the Terrace,20170801,1,,
From Time to Time,20170801,1,,
Funny Games (1997),20151101,1,,
Futurama: Seasons 1–6,20170701,2,,
Gabe the Cupid Dog (2012),20160905,1,,
Garfield’s Fun Fest,20170501,1,,
Garfield’s Pet Force (2009),20160331,1,,
Gayby (2012),20160328,1,,
Gentlemen Prefer Blondes,20170701,1,,
Geography Club (2013),20160311,1,,
Get Low (2009),20151201,1,,
Get Rich or Die Tryin’ (2005),20161101,1,,
Getting Go: The Go Doc Project (2013),20160304,1,,
Ghost (1990),20160601,1,,
Ghost Town,20170101,1,,
Ghost Whisperer: Seasons 1–5,20170701,2,,
Gifted Hands (2009),20160201,1,,
Gigli (2003),20161104,1,,
Gimme the Loot (2012),20160917,1,,
Girl Rising (2013),20160901,1,,
Girls Just Want to Have Fun ,20170201,1,,
Gladiator (2000),20160101,1,,
Gone in 60 Seconds (2000),20160301,1,,
Good Luck Charlie: Seasons 1 – 4,20170502,2,,
Good Luck Chuck (2007),20151015,1,,
Goodbye World,20170801,1,,
Gothika (2003),20160201,1,,
Graceland: Seasons 1 – 3,20170526,2,,
Grand Piano,20170619,1,,
Grandma’s Boy (2006),20160101,1,,
Gridiron Gang (2006),20160916,1,,
Grosse Pointe Blank,20170505,1,,
Grounded for Life: Seasons 1–5,20170212,2,,
Groundhog Day (1993),20160601,1,,
Gulch (2014),20151001,1,,
Gun Woman,20170824,1,,
Hachi: A Dog’s Tale (2009),20160901,1,,
Hackers (1985),20160301,1,,
Hairspray,20170101,1,,
Half Baked (1998),20160420,1,,
Half the Sky: Turning Oppression Into Opportunity for Women Worldwide (2012),20151101,1,,
Halloween: Resurrection (2002),20160227,1,,
Hamlet (1990),20160301,1,,
Hamlet (2000),20160601,1,,
Hank: Five Years From the Brink (2013),20150916,1,,
Hannie Caulder (1971),20160301,1,,
Hansel vs. Gretel,20170307,1,,
Happy Feet,20171001,1,,
Hardball (2001),20160901,1,,
Hardball (2001),20160301,1,,
Harriet the Spy (1996),20160101,1,,
Harry the Bunny (2009),20160820,1,,
Hart’s War (2002),20160301,1,,
Hawaii Five-O (1968) (Seasons 11–12),20151001,2,,
Hawthorne (Seasons 1–3),20160614,2,,
Heartbreakers (2001),20160101,1,,
"Heaven Knows, Mr. Allison",20171001,1,,
Hellboy,20171001,1,,
Hellboy II: The Golden Army ,20181101,,,
"Hello, Dolly!",20170701,1,,
Hercules (1997),20160601,1,,
Hercules (2014),20150930,1,,
Hercules: The Legendary Journeys (seasons 1–6),20161231,2,,
Hero,20170409,1,,
Hero and Terror (1988),20151101,1,,
Heroes (seasons 1–4),20161001,2,,
Heterosexual Jill,20170601,1,,
High Fidelity (2000),20150913,1,,
High Profits (season 1),20161215,2,,
High Society (1956),20160402,1,,
Hip Hop: The Furious Force of Rhymes,20170701,1,,
History in HD: The Last Bomb,20170701,1,,
Hitch (2005),20160301,1,,
Hoarders (Collection),20160108,2,,
Holes (2003),20161205,1,,
Holiday Engagement (2011),20160501,1,,
Holidaze (2013),20160308,1,,
Hollywood Homicide (2003),20160906,1,,
Honey (2003),20161001,1,,
Honey 2 (2011),20161001,1,,
"Honey, I Shrunk the Kids",20170601,1,,
Hook (1991),20160401,1,,
Hope Floats ,20170901,1,,
Horsemen,20170801,1,,
Hotel Impossible (Seasons 1–2),20151001,2,,
Hotel Rwanda (2004),20160401,1,,
Hotel Transylvania 2,20171027,1,,
House Hunters International: Collection 3,20170101,2,,
House Hunters Renovation: Collection 1,20170101,2,,
House Hunters: Collection 3,20170101,2,,
House of Flying Daggers (2004),20151101,1,,
House of Wax,20170601,1,,
House of Wax (2005),20160401,1,,
"House, M.D.: Seasons 1–8",20170401,2,,
How to Build a Better Boy (2014),20151213,1,,
How to Marry a Millionaire (1953),20160701,1,,
How to Train Your Dragon 2 (2014),20160911,1,,
Hugo,20170701,1,,
Human Capital,20170806,1,,
Hunter X Hunter : Seasons 1-5,20170801,2,,
I Am Divine (2013),20160305,1,,
I Am Not a Hipster ,20170215,1,,
I Dream of Wires ,20170304,1,,
I Killed My Mother (2009),20160315,1,,
I Melt With You,20170329,1,,
I’ll Be Home for Christmas (1989),20160401,1,,
Ice Age: The Meltdown (2006),20160701,1,,
Ida (2013),20160522,1,,
If I Stay (2014),20150930,1,,
In Her Skin (2009),20160515,1,,
In the Basement,20170712,1,,
In the Bedroom (2001),20160601,1,,
Indecent Proposal (1993),20160301,1,,
Indy 500: The Inside Line (2011),20150926,1,,
Inhale (2010),20160515,1,,
Ink Master (season 2),20150901,2,,
Inside Man (2006),20160816,1,,
Insomnia (2002),20161001,1,,
Insomnia (2002),20151201,1,,
Intervention (Collection),20160108,2,,
Interview With the Vampire (1994),20151001,1,,
Into the Wild (2007),20161101,1,,
Invincible,20170501,1,,
Is the Man Who Is Tall Happy? (2013),20160513,1,,
Ivan the Incredible (2013),20161015,1,,
Jack & Diane (2012),20160207,1,,
Jack Frost,20170215,1,,
Jack Ryan: Shadow Recruit (2014),20150930,1,,
Jackass 2.5 ,20170201,1,,
Jackass 3.5: The Unrated Movie,20170916,1,,
Jackass Presents: Bad Grandpa (2013),20150930,1,,
Jackass: The Movie ,20170901,1,,
Jackass: The Movie (2002),20160101,1,,
Jackie Brown (1997),20150901,1,,
Jail Caesar ,20170305,1,,
Jake and the Never Land Pirates: Seasons 1 – 3,20170101,2,,
James and the Giant Peach (1996),20160104,1,,
Jane Eyre,20170616,1,,
Jaws ,20170301,1,,
Jaws 2,20170301,1,,
Jaws 3,20170301,1,,
Jaws: The Revenge ,20170301,1,,
Jennifer 8 (1992),20160801,1,,
Jerry Maguire (1996),20160101,1,,
Jersey Girl (2004),20160601,1,,
Jesus Camp (2006),20160221,1,,
Jesus Henry Christ (2011),20151130,1,,
Jesus People: The Movie,20170811,1,,
Jetsons: The Movie,20170501,1,,
JFK: A President Betrayed (2013),20160507,1,,
JFK: The Smoking Gun (2013),20160503,1,,
Jimmy Goes to Nollywood,20170623,1,,
Jimmy Neutron: Boy Genius (2001),20161001,1,,
Jobs (2013),20160925,1,,
Johnny Dangerously (1984),20160301,1,,
Johnny English (2003),20160801,1,,
Jonah: A VeggieTales Movie (2002),20151101,1,,
Josef Fritzl: Story of a Monster,20170801,1,,
Juice (1992),20151201,1,,
Julia ,20170901,1,,
Jumanji (1995),20160301,1,,
Jurassic Park,20170501,1,,
Jurassic Park ,20181101,,,
Jurassic Park III,20170501,1,,
Jurassic Park III ,20181101,,,
Just Friends (2005),20161226,1,,
Justice League Unlimited: Seasons 1-2,20170801,2,,
Justice League: Seasons 1-2,20170801,2,,
Justice League: The Flashpoint Paradox ,20170301,1,,
Justice League: War ,20170301,1,,
Justin Bieber’s Believe,20170207,1,,
K-19: The Widowmaker (2002),20151201,1,,
Kagemusha,20171001,1,,
Kangaroo Jack (2003),20161101,1,,
Kangaroo Jack (2003),20151001,1,,
Kate & Leopold,20170701,1,,
Katt Williams: Kattpacalypse,20170915,1,,
Keep the Lights On (2012),20160323,1,,
Keeping Up Appearances ,20170301,1,,
Kevin Hart: Laugh at My Pain,20170713,1,,
Kickin’ It: Seasons 1 – 3,20170502,2,,
Kicking It (2008),20150909,1,,
Kidnapped,20170601,1,,
Killer Couples: Season 1,20170630,2,,
Killer in the Family: Season 1,20170630,2,,
Kinky Boots (2005),20160601,1,,
Kiss of Death (1995),20160501,1,,
Kitten Party (2010),20160215,1,,
Knuckleball!,20170601,1,,
L!fe Happens (2011),20151001,1,,
L’Auberge Espagnole,20170601,1,,
L’Auberge Espagnole (2002),20151001,1,,
Labyrinth (1986),20151201,1,,
Lalaloopsy Girls: Welcome to L.A.L.A. Prep School ,20170201,1,,
Lara Croft Tomb Raider: The Cradle of Life (2003),20160101,1,,
Lara Croft: Tomb Raider (2001),20160101,1,,
Las mágicas historias de Plim Plim: Season 1,20170601,2,,
Lassie (2005),20160601,1,,
Last Holiday ,20170201,1,,
Last Man Standing: Seasons 1 – 5,20170930,2,,
Last Night (2010),20151201,1,,
Laura,20171001,1,,
Law & Order: Special Victims Unit: Season 13,20170101,2,,
Lawrence of Arabia: Restored Version (1962),20160101,1,,
Le Week-End (2013),20160306,1,,
League of Super Evil (Season 1),20160930,2,,
Left Behind II: Tribulation Force (2002),20151201,1,,
Left Behind: The Movie (2000),20151201,1,,
Left Behind: World at War (2005),20151201,1,,
Legally Blonde (2001),20161101,1,,
"Legally Blonde 2: Red, White & Blonde (2003)",20161101,1,,
Legends of the Knight (2013),20161202,1,,
Legit: Season 1,20170410,2,,
Legit: Season 2,20170407,2,,
LEGO Ninjago: Masters of Spinjitzu (season 1­2),20150927,2,,
LEGO Ninjago: Masters of Spinjitzu: King of Shadows ,20170901,1,,
LEGO Ninjago: Masters of Spinjitzu: Way of the Ninja ,20170901,1,,
Léon: The Professional (1994),20160401,1,,
Lessons for a Kiss,20170715,1,,
Let the Right One In (2008),20160410,1,,
Let’s Go to Prison (2006),20161116,1,,
Lethal Force (2011),20150926,1,,
Leviathan (2012),20151127,1,,
Lie to Me: Season 1,20170401,2,,
Lie to Me: Seasons 2–3,20171027,2,,
Life in Our Universe (Season 1),20151030,2,,
Lilo & Stitch,20170905,1,,
Lilo & Stitch (2002),20160909,1,,
Little Black Book,20170101,1,,
Little Man,20170101,1,,
"Lock, Stock and Two Smoking Barrels (1998)",20150901,1,,
Lockup: State Prisons: Collection 1,20180715,2,,
Lola & Virginia (Season 1),20160315,2,,
Lord of War (2005),20160417,1,,
Los Heroes del Norte: Seasons 1–2,20170706,2,,
Losing Isaiah (1995),20160601,1,,
Louie: Seasons 1–5,20171027,2,,
Love Actually,20171001,1,,
Love at First Fight ,20170308,1,,
Love Me ,20170323,1,,
Lunopolis (2009),20151101,1,,
M*A*S*H (Seasons 1­ to 11),20160401,2,,
MacGyver: Seasons 1–7,20170701,2,,
Machine Gun Preacher (2011),20151022,1,,
Mad Hot Ballroom (2005),20160501,1,,
Madonna: Truth or Dare (1991),20160601,1,,
Maid in Manhattan,20170101,1,,
Major League (1989),20161101,1,,
Malcolm in the Middle: Seasons 1–7,20171001,2,,
Malibu’s Most Wanted,20170801,1,,
Mansfield Park (1999),20161101,1,,
Marilyn in Manhattan (2012),20150905,1,,
Marriage Boot Camp: Bridezillas (Season 1),20160221,2,,
Marvel’s Avengers Assemble (Season 1),20160624,2,,
Marvel’s Avengers Assemble (season 2),20161020,2,,
Marvin’s Room (1996),20160601,1,,
Masters of the Universe (1987),20160301,1,,
Maverick (1994),20151001,1,,
Max Dugan Returns,20171001,1,,
Max Steel (Seasons 1–2),20160101,2,,
McConkey (2013),20161201,1,,
Medium (Seasons 1 to 7),20160701,2,,
Medora (2013),20161201,1,,
Meet Joe Black (1998),20161101,1,,
Mega Shark vs. Mecha Shark,20170329,1,,
Mel Brooks: Make a Noise (2013),20161101,1,,
Melissa & Joey (Seasons 1–4),20160904,2,,
Men in Black II (2002),20160301,1,,
Menace II Society ,20170401,1,,
Mickey Mouse Clubhouse: Road Rally (2010),20151204,1,,
Millennium,20171001,1,,
Million Dollar Baby,20171001,1,,
Million Dollar Baby (2004),20160101,1,,
Miracle on 34th Street,20170101,1,,
Misfire ,20170303,1,,
Mission Impossible: III ,20170201,1,,
Mission: Impossible (1996),20160101,1,,
Mission: Impossible II (2000),20160101,1,,
Mister Rogers’ Neighborhood: Volume 1 (1968),20160701,1,,
Mixology (Season 1),20160621,2,,
Modern Problems (1981),20151201,1,,
Mona Lisa Is Missing (2012),20160501,1,,
Monarch of the Glen: Seasons 1–7,20170301,2,,
Monkey Business (1952),20161201,1,,
Mortal Kombat,20171001,1,,
Mortal Kombat: The Movie (1995),20150901,1,,
Mouse Hunt (1997),20160701,1,,
"Move Over, Darling (1963)",20151101,1,,
MOVIES,20161201,1,,
Mr. 3000,20171001,1,,
Mr. Bean’s Holiday (2007),20160416,1,,
Mr. Deeds (2002),20161001,1,,
Mr. Peabody & Sherman (2014),20160811,1,,
Mulan (1998),20160624,1,,
Mulholland Drive,20171001,1,,
Murder Files: Season 1,20170630,2,,
Murder on the Social Network,20170630,1,,
"Murder, She Wrote: Seasons 1 – 12",20170101,2,,
Music For Mandela (2013),20160318,1,,
Music of the Heart (1999),20160601,1,,
My Babysitter’s a Vampire: The Movie (2010),20160906,1,,
My Boss’s Daughter (2003),20160601,1,,
My Boys (season 1­4),20150927,2,,
My Father the Hero,20171001,1,,
My Girl (1991),20161001,1,,
My Girlfriend’s Boyfriend ,20170315,1,,
My Hope America With Billy Graham (2013),20151108,1,,
My Name Is Earl: Seasons 1–4,20171001,2,,
My Online Bride,20170630,1,,
My Sister’s Wedding (2013),20160701,1,,
Mystery Files: Hitler,20170701,1,,
Mystery Files: Leonardo da Vinci,20170701,1,,
Myth Hunters (series 1–2),20161201,2,,
Naked Among Wolves (2015),20161115,1,,
Naked Gun 33 1/3: The Final Insult (1994),20160201,1,,
Nanny 911 (Season 1),20151025,2,,
Nanny McPhee,20170101,1,,
Nanny McPhee (2005),20160401,1,,
Naruto Shippûden the Movie: Bonds (2008),20160831,1,,
Naruto Shippuden: The Movie (2007),20160831,1,,
National Geographic: Inside Guantanamo (2009),20150922,1,,
National Geographic: The Battle for Midway (1999),20150922,1,,
National Lampoon’s Animal House,20170301,1,,
Nature: Ireland’s Wild River (2014),20151001,1,,
Nature: Leave It to Beavers (2014),20151001,1,,
Nature: Love in the Animal Kingdom (2013),20151001,1,,
Nature: My Bionic Pet (2014),20151001,1,,
Nature: Parrot Confidential (2013),20151001,1,,
Nature: Saving Otter 501 (2013),20151001,1,,
Nature: Snow Monkeys (2014),20151001,1,,
Nazi Temple of Doom,20170701,1,,
Nebraska (2013),20150930,1,,
Necessary Roughness (1991),20151201,1,,
Neil Young: Heart of Gold (2006),20161201,1,,
"New York, I Love You (2008)",20160415,1,,
Nick Cannon: Mr. Showbiz (2011),20160901,1,,
Nick of Time (1995),20161001,1,,
Night Catches Us (2010),20160303,1,,
Nine Months (1995),20160601,1,,
Nine to Five (1980),20160401,1,,
Nobody Walks (2012),20160221,1,,
Norman (2010),20151101,1,,
North Sea Texas (2011),20160219,1,,
Not Another Teen Movie (2001),20160301,1,,
Notting Hill (1999),20160701,1,,
Numb3rs (Seasons 1 to 6),20160701,2,,
October Gale,20170825,1,,
Oculus ,20181101,,,
Odd Squad (Season 1),20160701,2,,
Off Limits Collection (Collections 1–2),20151001,2,,
Offender (2012),20160514,1,,
Omen III: The Final Conflict (1981),20151201,1,,
On the Town (1949),20160402,1,,
One Day,20170916,1,,
One Tree Hill: Seasons 1–9,20171001,2,,
Open Season (2006),20161101,1,,
Open Season 2 (2008),20161101,1,,
Open Season 3 (2010),20161101,1,,
Open Water (2004),20160928,1,,
Open Water 2: Adrift (2006),20160928,1,,
Opposite Field,20170711,1,,
Otto the Rhino ,20170304,1,,
Our Man in Tehran (2013),20160901,1,,
Out in the Dark (2012),20160318,1,,
Paddington,20181116,,,
Pajanimals (Season 1),20151101,2,,
Pal Joey (1957),20160402,1,,
Paratodos,20170825,1,,
Paris Is Burning (1990),20160601,1,,
Patch Adams (1998),20150901,1,,
Patch Town,20170811,1,,
Patton,20171001,1,,
Patton Oswalt: My Weakness Is Strong (2009),20161101,1,,
Paulie,20170501,1,,
Pawn Stars (Collection),20160108,2,,
Paycheck (2003),20161201,1,,
Paycheck (2003),20160301,1,,
Pee-wee’s Big Adventure (1985),20151001,1,,
Peep World (2010),20160519,1,,
Pelican Dreams,20170805,1,,
Perfume: The Story of a Murderer (2006),20150901,1,,
Personal Gold: An Underdog Story,20170805,1,,
Persons Unknown: Season 1,20170919,2,,
Phenomenon ,20181101,,,
Philomena,20170922,1,,
Picture This,20171001,1,,
Pinky Dinky Doo (Season 1),20151015,2,,
Pirates Who Don’t Do Anything: A VeggieTales Movie (2008),20161201,1,,
Pit Stop ,20170306,1,,
"Planes, Trains & Automobiles (1987)",20160101,1,,
Plankton Invasion (2012),20151001,1,,
Plastic Paradise: The Great Pacific Garbage Patch ,20170215,1,,
Play with Me Sesame (Season 1),20151015,2,,
Pocahontas (1995),20160104,1,,
Pokémon the Movie: Black & White: BW Adventures in Unova and Beyond (2013),20160202,1,,
Pokémon the Movie: Black: Victini and Reshiram (2011),20160202,1,,
Pokémon the Movie: Genesect and the Legend Awakened (2013),20160202,1,,
Pokémon the Movie: Kyurem vs. The Sword of Justice (2012),20160202,1,,
Pokémon the Movie: White: Victini and Zekrom (2011),20160202,1,,
Pokémon: Black & White (Seasons 1-2),20160202,2,,
Pokémon: Indigo League (Season 2),20160202,2,,
Powerpuff Girls (seasons 1–6),20161101,2,,
Prefontaine,20170801,1,,
Pride & Prejudice (2005),20160401,1,,
Primal Fear (1996),20160901,1,,
Prince of Broadway ,20170215,1,,
Prison Break: Seasons 1–4,20171001,2,,
Private Parts (1997),20160601,1,,
Private Practice: Seasons 1–6,20170606,2,,
Private Romeo (2011),20160304,1,,
Problem Child: Leslie Jones,20170219,1,,
Problem Child: Leslie Jones (2009),20160219,1,,
Proof (2005),20160601,1,,
Property Brothers: Seasons 4 and 5,20170101,2,,
Psych (seasons 1–8),20161001,2,,
Quartet (2012),20161111,1,,
R.L. Stine’s Mostly Ghostly (2008),20151201,1,,
R.L. Stine’s The Haunting Hour: Don’t Think About It (2007),20151201,1,,
Rain Man (1988),20160201,1,,
Raising Hope: Season 1,20170920,2,,
Ralphie May: Austin-tatious (2008),20160501,1,,
Rambo III: Ultimate Edition (1988),20160101,1,,
Rambo: First Blood (1982),20160101,1,,
Rambo: First Blood Part II (1985),20160101,1,,
Ramsay’s Best Restaurant (season 1),20150907,2,,
Ray (2004),20160201,1,,
Reading Rainbow (Volume 1) (1985),20160701,2,,
Real Husbands of Hollywood: Seasons 1-5,20180708,2,,
Red Hook Summer (2012),20151221,1,,
Redemption (2013),20161024,1,,
Refuge (2012),20160306,1,,
Remember Me (2010),20160401,1,,
Remote Area Medical,20170609,1,,
Reporter (2009),20150920,1,,
Rescue Me (Seasons 1–7),20151211,2,,
Resident Evil: Extinction ,20170401,1,,
Restaurant: Impossible Collection: Impossible,20151001,2,,
Revenge: Seasons 1–4,20170828,2,,
Rigor Mortis,20170306,1,,
Risky Business (1983),20160101,1,,
River of No Return (1954),20161201,1,,
Rob Roy (1995),20151001,1,,
Robin Hood (1973),20161125,1,,
Robin Hood: Seasons 1–3,20170301,2,,
Roboshark (2015),20160901,1,,
Rock Star (2001),20160401,1,,
Rocky (1976),20160101,1,,
Rocky II (1979),20160101,1,,
Rocky III (1982),20160101,1,,
Rocky IV (1985),20160101,1,,
Rocky V (1990),20160101,1,,
Roman Holiday (1953),20160901,1,,
Romanzo Criminale (Season 1-2),20151129,2,,
Romeo + Juliet (1996),20151001,1,,
Ron White: A Little Unprofessional (2012),20150926,1,,
Roseanne (Collection 2),20160801,2,,
Rosemary’s Baby (1968),20160101,1,,
Roswell: Seasons 1–3,20170401,2,,
Rounders (1998),20161101,1,,
Rubber (2010),20160701,1,,
Rudy (1993),20151101,1,,
Rugrats Go Wild (2003),20160801,1,,
Rugrats in Paris: The Movie (2000),20150901,1,,
Rules of Engagement (2000),20150901,1,,
Rumpelstiltskin (1987),20150901,1,,
Run & Jump (2013),20160527,1,,
Run to Me ,20181101,,,
Russell Brand: End the Drugs War,20170801,1,,
Russell Brand: From Addiction to Recovery,20170801,1,,
RV ,20170901,1,,
S.W.A.T. (2003),20160901,1,,
"Sabrina, The Animated Series (Seasons 1–2)",20160228,2,,
Sahara ,20170201,1,,
Salamander (Season 1),20151129,2,,
Samurai Headhunters,20170701,1,,
Samurai Headhunters,20170501,1,,
Santa Claws ,20170216,1,,
Sarah’s Choice (2009),20150901,1,,
Saturday Night Live (season 38),20161001,2,,
Saturday Night Live: The 2010s (Season 37),20151001,2,,
Save the Last Dance ,20170201,1,,
Saved by the Bell: Seasons 1 – 6,20170101,2,,
Saved! (2004),20150930,1,,
Saving Private Ryan,20170101,1,,
Saw (2004),20151101,1,,
Saw II (2005),20151101,1,,
Saw III (2006),20151101,1,,
Saw IV (2007),20151101,1,,
Saw V (2008),20151101,1,,
Scary Movie 5,20170213,1,,
Scenic Route (2013),20161123,1,,
School of Rock (2003),20150901,1,,
Schoolhouse Rock!: Earth (2009),20160601,1,,
Scream,20170901,1,,
Scream (1996),20151101,1,,
Scream 2 (1997),20161101,1,,
Scrubs: Seasons 1 – 9,20170502,2,,
Seal Team 8: Behind Enemy Lines (2014),20161114,1,,
Search for the Great Sharks: IMAX (1995),20160515,1,,
Seashore ,20170304,1,,
Secrets and Lies (Season 1),20160201,2,,
Secrets of Mary Magdalene (2006),20151101,1,,
Secrets: A Viking Map?,20170701,1,,
Secrets: Richard III Revealed,20170701,1,,
Secrets: The Sphinx,20170701,1,,
Secrets: The Sphinx,20170609,1,,
Serendipity,20170601,1,,
Serenity (2005),20160716,1,,
Serpico (1973),20160101,1,,
Serving Sara ,20170201,1,,
Sesame Street: Animals and Nature (Season 1),20160101,2,,
Sesame Street: Animals and Nature (Season 1),20151015,2,,
Sesame Street: Classics (Vol. 1–2),20160101,2,,
Sesame Street: Classics (Vols. 1–2),20151015,2,,
Sesame Street: Cookie and Friends (Season 1),20160101,2,,
Sesame Street: Cookie and Friends (Season 1),20151015,2,,
Sesame Street: Creativity and Imagination (Season 1),20160101,2,,
Sesame Street: Creativity and Imagination (Season 1),20151015,2,,
Sesame Street: Elmo and Friends (Season 1),20160101,2,,
Sesame Street: Elmo and Friends (Season 1),20151015,2,,
Sesame Street: Everyday Moments (Season 1),20160101,2,,
Sesame Street: Everyday Moments (Season 1),20151015,2,,
Sesame Street: Music and Dance (Season 1),20160101,2,,
Sesame Street: Music and Dance (Season 1),20151015,2,,
Sesame Street: Numbers and Letters (Season 1),20160101,2,,
Sesame Street: Numbers and Letters (Season 1),20151015,2,,
Sex: My British Job (2013),20161101,1,,
"Shameless (the U.K. version, seasons 1–10)",20161101,2,,
Shanghai Knights (2003),20160904,1,,
Shanghai Noon (2000),20151107,1,,
She’s the One (1996),20150901,1,,
Short Poppies (Season 1),20160402,2,,
Shrink (2009),20151201,1,,
Shuttle Discovery’s Last Mission,20170701,1,,
Sid the Science Kid (Season 1),20151001,2,,
Side by Side (2012),20160219,1,,
Side Effects (2013),20160318,1,,
Simon Killer (2012),20160917,1,,
Sins of My Father (2009),20160901,1,,
Sixteen Candles,20170101,1,,
Sky Captain and the World of Tomorrow (2004),20161101,1,,
Sleeping Beauty (2014),20170712,1,,
Sleepless in Seattle (1993),20150901,1,,
Slightly Single in L.A. (2012),20160502,1,,
Sling Blade (1996),20161201,1,,
Smokin’ Aces 2: Assassins’ Ball ,20181101,,,
Smokin’ Aces 2: Assassins’ Ball (2010),20160401,1,,
Snoop Dogg Presents: The Bad Girls of Comedy (2012),20151008,1,,
Snow Day ,20170401,1,,
Soapdish (1991),20151201,1,,
Some Came Running (1958),20160402,1,,
Something From Nothing: The Art of Rap (2012),20151128,1,,
Something New (2006),20160401,1,,
"Something, Anything (2014)",20160920,1,,
Something’s Gotta Give ,20170901,1,,
Something’s Gotta Give (2003),20161101,1,,
Somewhere,20170216,1,,
Sonic the Hedgehog (The Complete Series),20160228,2,,
Sons of Tucson: Season 1,20170926,2,,
Sophie’s Choice (1982),20160630,1,,
Sordid Lives (2000),20160430,1,,
Sorority Row (2009),20160201,1,,
Soul Plane (2004),20151101,1,,
"South Park: Bigger, Longer and Uncut",20170101,1,,
Space Dogs (2010),20160402,1,,
Space Warriors,20170831,1,,
Spanglish (2004),20160901,1,,
Spiral (season 4),20150915,2,,
Spy Game (2001),20161101,1,,
Spy Kids (2001),20161227,1,,
Stand by Me (1986),20151101,1,,
Stand Off (2012),20160522,1,,
Star Trek II: The Wrath of Khan (1982),20160701,1,,
Star Trek III: The Search for Spock (1984),20160701,1,,
Star Trek Into Darkness (2013),20150930,1,,
Star Trek IV: The Voyage Home (1986),20160701,1,,
Star Trek V: The Final Frontier (1989),20160701,1,,
Star Trek VI: The Undiscovered Country (1991),20160701,1,,
Star Trek: Generations (1994),20160701,1,,
Star Trek: Insurrection (1998),20160401,1,,
Star Trek: Nemesis ,20170201,1,,
Star Trek: The Motion Picture (1979),20160701,1,,
Star Trek: The Motion Picture (1979),20150930,1,,
Stardust,20170101,1,,
Starship Troopers (1997),20160401,1,,
Stealing Harvard (2002),20160504,1,,
Steel Magnolias ,20181101,,,
Step Up,20170519,1,,
Stephanie in the Water ,20170215,1,,
Stephen King’s A Good Marriage,20170129,1,,
Stephen King’s Bag of Bones (2011),20160211,1,,
Stephen King’s Thinner,20170501,1,,
Steve Jobs: The Lost Interview (2012),20151122,1,,
Stevie Nicks: In Your Dreams (2013),20160302,1,,
Stir of Echoes (1999),20160601,1,,
Stir of Echoes 2: The Homecoming (2007),20160601,1,,
Stomp the Yard ,20170401,1,,
Storage Wars (Collection),20160108,2,,
Stranger by the Lake (2014),20151113,1,,
Struck by Lightning (2012),20160521,1,,
Stuck in Love (2012),20161130,1,,
Superbad,20170804,1,,
Superman II ,20170401,1,,
Superman III ,20170401,1,,
Superman IV: The Quest for Peace ,20170401,1,,
Superman Returns ,20170401,1,,
Superman: The Movie ,20170401,1,,
Superstar,20170101,1,,
Survivors: Series 1–2,20170301,2,,
Sushi: The Global Catch,20170315,1,,
Suspect Zero (2004),20160801,1,,
Sweeney Todd: The Demon Barber of Fleet Street ,20170901,1,,
Sweetwater,20170302,1,,
Switchmas (2013),20160301,1,,
Take Me Out to the Ball Game (1949),20160402,1,,
Taking Lives (2004),20151101,1,,
Tales from the Darkside: The Movie,20170501,1,,
Talladega Nights: The Ballad of Ricky Bobby (2006),20160701,1,,
Teacher’s Pet,20170801,1,,
Team America: World Police (2004),20160701,1,,
Tears of the Sun ,20170901,1,,
Tears of the Sun (2003),20160509,1,,
TED Talks: Life Hack (Seasons 1-2),20160315,2,,
"TED Talks: Sex, Secrets & Love (Season 1)",20160315,2,,
TED Talks: The Best of TEDx in Español (Season 1),20160315,2,,
TEDTalks: Ancient Clues (Season 1),20160315,2,,
TEDTalks: Animal Voices (Season 1),20160315,2,,
TEDTalks: Artistry and Illusion (Season 1),20160315,2,,
"TEDTalks: Beasts, Bugs & Bio-wilderment (Season 1)",20160315,2,,
TEDTalks: Body By Design (Season 1),20160315,2,,
TEDTalks: Brave Neuro World (Season 1),20160315,2,,
TEDTalks: Building Wonder (Season 1),20160315,2,,
TEDTalks: Chew On This (Season 1),20160315,2,,
TEDTalks: Cyber Awe (Season 1),20160315,2,,
TEDTalks: Defying Disease (Season 1),20160315,2,,
TEDTalks: Global Villages (Season 1),20160315,2,,
TEDTalks: Head Games (Season 1),20160315,2,,
TEDTalks: Hot Buttons (Season 1),20160315,2,,
TEDTalks: How to Start a Movement (Season 1),20160315,2,,
TEDTalks: Humanity’s Future (Season 1),20160315,2,,
TEDTalks: Inexplicable Connections (Season 1),20160315,2,,
TEDTalks: Into the Abyss (Season 1),20160315,2,,
TEDTalks: Let Your Mind Wonder (Season 1),20160315,2,,
TEDTalks: Life Lessons & Confessions (Season 1-2),20160315,2,,
"TEDTalks: Love, No Matter What (Season 1)",20160315,2,,
TEDTalks: Music Revolution (Season 1),20160315,2,,
TEDTalks: Numbers Speak Louder than Words (Season 1),20160315,2,,
TEDTalks: Rad Invention (Season 1),20160315,2,,
TEDTalks: Rebel Design (Season 1),20160315,2,,
TEDTalks: Robotic Machinations (Season 1),20160315,2,,
TEDTalks: Smart Laughs (Season 1),20160315,2,,
TEDTalks: Space Trek (Season 1),20160315,2,,
TEDTalks: The Capitalism Paradox (Season 1),20160315,2,,
Teen Beach 2,20170909,1,,
Teen Beach Movie (2013),20151116,1,,
Teen Witch (1989),20160801,1,,
Teenage Mutant Ninja Turtles III (1993),20160801,1,,
Terms and Conditions May Apply (2013),20160501,1,,
Terms of Endearment (1983),20160201,1,,
Terra Nova: Season 1,20170911,2,,
Tesla: Master of Lightning (2000),20160701,1,,
That’s What I Am (2011),20160501,1,,
The ‘Burbs (1989),20161101,1,,
The A-List,20170904,1,,
The Addams Family (1991),20161101,1,,
The Agony and the Ecstasy ,20170401,1,,
The American (2010),20161116,1,,
The Amityville Horror,20170101,1,,
The Animatrix (2003),20160501,1,,
The Aristocats (1970),20160104,1,,
The Avengers: Earth’s Mightiest Heroes (Season 1),20151201,2,,
The Avengers: Earth’s Mightiest Heroes (Season 2),20151211,2,,
The Aviators (2008),20160930,1,,
The Babysitters (2007),20160301,1,,
The Bank Job (2008),20160615,1,,
The Batman: Seasons 1 – 5,20170901,2,,
The Beautician and the Beast (1997),20151001,1,,
The Bernie Mac Show: Seasons 1–5,20171001,2,,
The Best Man (1999),20160801,1,,
The Best of Me (2014),20161203,1,,
The Beverly Hillbillies (1993),20160701,1,,
The Big Green (1995),20161002,1,,
The Big Lebowski (1998),20151001,1,,
The Black Power Mixtape 1967–1975,20170601,1,,
The Blair Witch Project,20170601,1,,
The Blues Brothers (1980),20151101,1,,
The Boondocks (seasons 1–4),20161124,2,,
The Bourne Identity (2002),20160101,1,,
The Bourne Supremacy (2004),20160101,1,,
The Boxtrolls (2014),20161123,1,,
The Boys From Brazil ,20170401,1,,
The Bridge on the River Kwai (1957),20160901,1,,
The Brothers Grimm (2005),20151201,1,,
The Burbs (1989),20151201,1,,
The Butcher’s Wife (1991),20160401,1,,
The Central Park Five (2012),20160701,1,,
The Chosen One (2010),20160301,1,,
The Chronicles of Riddick: Dark Fury (2004),20160601,1,,
The Circle (2014),20170403,1,,
The Cleveland Show: Seasons 1–4,20171019,2,,
The Color Purple (1985),20160901,1,,
The Comedy (2012),20160326,1,,
The Conspiracy (2012),20160701,1,,
The Core (2003),20161101,1,,
The Core (2003),20151101,1,,
The Crocodile Hunter: Collision Course (2002),20151001,1,,
The Da Vinci Code (2006),20161214,1,,
The Dancer Upstairs (2002),20160201,1,,
The Dark Crystal (1982),20151201,1,,
The Days to Come ,20170305,1,,
The Dead Files (Seasons 1–2),20151001,2,,
The Deep End: Season 1,20170901,2,,
The Defender ,20170430,1,,
The Delivery Man: Season 1,20170801,2,,
The Devil at 4 O’Clock (1961),20160402,1,,
The Devil’s Rejects (2005),20151001,1,,
The Diabolical,20170801,1,,
The Discoverers ,20170304,1,,
The Doors,20170501,1,,
The Emperor’s New Groove,20170905,1,,
The Emperor’s New Groove (2000),20160909,1,,
The English Teacher (2013),20161102,1,,
The Escapist ,20170401,1,,
The Exorcist (1973),20161001,1,,
The Exorcist (1973),20151001,1,,
The Expendables 3 (2014),20150930,1,,
The Faculty (1998),20160601,1,,
The Family Man (2000),20161101,1,,
The Fast and the Furious,20170101,1,,
The Fast and the Furious: Tokyo Drift,20170101,1,,
The Firm (1993),20160201,1,,
The Five Venoms,20170809,1,,
The Flintstones (1994),20160701,1,,
The Flintstones in Viva Rock Vegas (2000),20160701,1,,
The Forbidden Kingdom (2008),20160924,1,,
The Fourth Kind (2009),20160213,1,,
The Fox and the Hound (1981),20160104,1,,
The Gabby Douglas Story (2014),20160801,1,,
The Game (Seasons 1 to 3),20160701,2,,
The Girl Who Kicked the Hornet’s Nest,20170106,1,,
The Girl Who Played With Fire,20170106,1,,
The Good Guy (2010),20150930,1,,
The Good Guys: Season 1,20170601,2,,
The Good Life (2012),20160501,1,,
The Graduate (1967),20160101,1,,
The Great Escape (1963),20151201,1,,
The Great Mouse Detective (1986),20160104,1,,
The Great War Diary (season 1),20161201,2,,
The Greatest Places: IMAX (1999),20160515,1,,
The Guardian (Seasons 1–3),20151201,2,,
The Guild (Seasons 1–6),20160225,2,,
The Haunting (1999),20160901,1,,
The Heavy Water War: Season 1,20170801,2,,
The High and the Mighty (1954),20151201,1,,
The Holiday (2006),20161101,1,,
The Homesman (2014),20161105,1,,
The Hours (2002),20160101,1,,
The Hunchback of Notre Dame (1996),20160624,1,,
The Hunchback of Notre Dame II (2002),20160624,1,,
The Hunger Games: Catching Fire (2013),20150930,1,,
The Hunt for Bin Laden,20170701,1,,
The Hunt for Red October (1990),20151001,1,,
The Hunt: Season 1,20170801,2,,
The Hurt Locker (2008),20160201,1,,
The Hustler,20170601,1,,
The Hustler (1961),20151201,1,,
The In-Laws (2003),20161201,1,,
The Incredible Bionic Man,20170701,1,,
The Inexplicable Universe With Neil deGrasse Tyson (2013),20160401,1,,
The Interview (2014),20161025,1,,
The Invasion ,20181101,,,
The Invincible Iron Man,20170323,1,,
The IT Crowd (season 1­4),20150901,2,,
The Italian Job,20170101,1,,
The Italian Job (2003),20160101,1,,
The Kennedys (Season 1),20160108,2,,
The Kidnapping of Michel Houellebecq,20170825,1,,
The Kids Are All Right (2010),20160916,1,,
The Kingdom of Dreams and Madness,20170328,1,,
The Kite Runner,20170201,1,,
The Ladykillers (2004),20160512,1,,
The Land Before Time ,20181101,,,
The Land Before Time II: The Great Valley Adventure ,20181101,,,
The Land Before Time III: The Time of the Great Giving ,20181101,,,
The Last Samurai,20170703,1,,
The Last Tycoon (2012),20160516,1,,
The Last Waltz (1978),20151101,1,,
The Lazarus Effect,20170414,1,,
The Lazarus Effect ,20181101,,,
The Lazarus Project,20170615,1,,
The League: Seasons 1–7,20170830,2,,
The Life and Crimes of Doris Payne,20170329,1,,
The Little Engine That Could,20170801,1,,
The Little Rascals,20170601,1,,
The Lizzie McGuire Movie,20170801,1,,
The Longest Yard (2005),20160101,1,,
The Lost Boys (1987),20150901,1,,
The Lost Medallion (2013),20160923,1,,
The Lost World: Jurassic Park,20170501,1,,
The Lost World: Jurassic Park ,20181101,,,
The Lying Game (Season 2),20160108,2,,
The Machinist ,20170201,1,,
The Machinist (2004),20160101,1,,
The Man on Her Mind ,20170215,1,,
The Many Adventures of Winnie the Pooh (1977),20161027,1,,
The Master of Disguise (2002),20160514,1,,
The Mirror ,20170430,1,,
The Mistle-tones! (2012),20160309,1,,
The Monster Squad (1987),20160301,1,,
The Naked Gun (1988),20160201,1,,
The Naked Gun 2 1/2: The Smell of Fear (1991),20160401,1,,
The Nanny Diaries,20170304,1,,
The New Frontier: Season 1,20170815,2,,
The Nightmare Before Christmas (1993),20160104,1,,
The Nut Job,20170213,1,,
The Nutty Professor (1996),20160801,1,,
The Nutty Professor 2: Facing the Fear (2008),20170426,1,,
The Omen ,20170901,1,,
The Omen (1976),20151201,1,,
The Oogieloves in the Big Balloon Adventure (2012),20151206,1,,
The Original Latin Kings of Comedy ,20170201,1,,
The Others (2001),20160601,1,,
The Out-of-Towners (1999),20161201,1,,
The Painted Veil,20170101,1,,
The Passion of the Christ (2004),20160406,1,,
The Patriot (2000),20160101,1,,
The Paw Project (2013),20151201,1,,
The Perfect Storm (2000),20160701,1,,
The Perfect Stranger (2011),20151105,1,,
The Perfect Wedding,20170325,1,,
The Phantom (1996),20161001,1,,
The Phantom of the Opera (1989),20151001,1,,
The Pink Panther 2 (2009),20151201,1,,
The Pioneer Woman Collection (Collection 1),20151001,2,,
The Pitch (Season 2),20160216,2,,
The Prince (2014),20150930,1,,
The Prince & Me,20170601,1,,
The Princess Bride ,20170401,1,,
"The Prize Winner of Defiance, Ohio (2005)",20151101,1,,
The Producers (1968),20151001,1,,
The Pursuit of Happyness (2006),20160827,1,,
The Quest (Season 1),20160501,2,,
The Quiet Man (1952),20160701,1,,
The Reader ,20181101,,,
The Real Beauty and the Beast,20170501,1,,
The Recruit,20170505,1,,
The Red Baron (2008),20161202,1,,
The Replacements (2000),20160801,1,,
The Rescuers (1977),20160101,1,,
The Rescuers Down Under (1990),20160104,1,,
The Riches: Seasons 1–2,20170401,2,,
The Right Kind of Wrong,20170619,1,,
The Right Stuff (1983),20160701,1,,
The Road (2011),20151109,1,,
The Rundown (2003),20160401,1,,
The Running Man (1987),20161001,1,,
The Sandlot (1993),20160801,1,,
The Sandlot 2 (2005),20160331,1,,
The Score (2001),20160510,1,,
The Scorpion King 3: Battle for Redemption (2011),20151001,1,,
The Sea Inside (2004),20160228,1,,
The Seven Dwarfs of Auschwitz,20170501,1,,
The Shining,20171001,1,,
The Sisterhood of the Traveling Pants (2005),20160601,1,,
The Skeleton Twins (2014),20150930,1,,
The Slap (season 1),20150916,2,,
The Sons of Katie Elder,20170501,1,,
The Spoils of Babylon: Season 1,20170806,2,,
The SpongeBob SquarePants Movie (2004),20161101,1,,
The Starving Games,20170308,1,,
The Station Agent (2003),20160601,1,,
The Stepford Wives (2004),20160601,1,,
The Sum of All Fears (2002),20161101,1,,
The Sum of All Fears (2002),20160101,1,,
The Summer of Sangaile,20170823,1,,
The Super Hero Squad Show (Seasons 1–2),20160601,1,,
The Taking of Deborah Logan (2014),20161021,1,,
The Tale of Despereaux (2008),20160401,1,,
The Teacher Who Defied Hitler,20170601,1,,
The Terminator (1984),20160201,1,,
The Three Musketeers,20170601,1,,
The Tigger Movie (2000),20160104,1,,
The Truman Show (1998),20161031,1,,
The Uninvited,20170101,1,,
The United States of Leland (2003),20160301,1,,
The Usual Suspects ,20170401,1,,
The Vanilla Ice Project (Seasons 1­ - 4),20160401,2,,
The Verdict,20170801,1,,
The Very Hungry Caterpillar and Other Stories (1993),20160701,1,,
The Virgin Suicides (1999),20160101,1,,
The Warriors (1979),20161001,1,,
The Way of the Dragon,20170601,1,,
The Weather Man (2005),20160901,1,,
The Wedding Date (2005),20160401,1,,
The Wedding Planner,20170501,1,,
The Whole Ten Yards (2004),20160401,1,,
The Wicker Man,20170101,1,,
The Wild Thornberrys Movie (2002),20160801,1,,
The Wolf of Wall Street (2013),20150930,1,,
The Wonder Years: Seasons 1–6,20171001,2,,
The Wood (1999),20160901,1,,
The Writers’ Room (Season 1),20160331,2,,
The Wubbulous World of Dr. Seuss (Season 1),20160618,2,,
The X-Files: Seasons 1–9,20170401,2,,
The Yards (2000),20160601,1,,
There Will be Blood ,20170201,1,,
There Will Be Blood (2007),20160101,1,,
Thérèse (2012),20160501,1,,
These Birds Walk (2013),20160529,1,,
Things We Lost in the Fire,20170501,1,,
This Is Spinal Tap,20170601,1,,
This Is Spinal Tap (1984),20151001,1,,
Thor & Loki: Blood Brothers (2011),20151213,1,,
Thor: Hammer of the Gods (2009),20161201,1,,
Three Kings (1999),20151101,1,,
Throwdown With Bobby Flay Collection (Collection 1),20160401,2,,
Thumbelina (1994),20160701,1,,
Tiger Eyes (2012),20160515,1,,
Timeline (2003),20161001,1,,
Titanic,20171001,1,,
Titanic’s Final Mystery,20170701,1,,
To Catch a Thief,20170501,1,,
To Kill a Mockingbird,20170815,1,,
Top 10 Secrets and Mysteries: Season 1,20170815,2,,
Top Gun (1986),20161201,1,,
Total Drama World Tour (2014),20161101,1,,
Total Recall (1990),20150901,1,,
Tough Being Loved by Jerks,20170609,1,,
Tracers (2014),20161122,1,,
Trading Places (1983),20160101,1,,
Traffic (2000),20160901,1,,
Trainspotting,20170201,1,,
Transformers: Age of Extinction (2014),20150930,1,,
Treblinka: Hitler’s Killing Machine,20170501,1,,
Trek Nation (2011),20151201,1,,
Trekkies (1999),20160101,1,,
Truly Strange,20170501,1,,
Truth or Die (2012),20160501,1,,
Turf War: Lions and Hippos,20170501,1,,
Twelve Mile Road (2003),20160331,1,,
Twilight (2008),20151001,1,,
Twins (1998),20151001,1,,
Two Can Play That Game (2001),20151201,1,,
"Two Days, One Night",20170811,1,,
Two Hundred Thousand Dirty,20170305,1,,
Two Step,20170601,1,,
Two Weeks Notice,20170703,1,,
Tyler Perry’s Meet the Browns (2008),20151101,1,,
Ultimate Spider-Man (Season 2),20151210,2,,
Ultimate Spider-Man: Web Warriors (2015),20161123,1,,
Una Noche (2012),20151224,1,,
Uncle Grandpa (season 1),20161124,2,,
Uncommon Valor (1983),20161001,1,,
Undeclared (season 1),20150928,2,,
Under the Tuscan Sun,20170430,1,,
Underclassman (2005),20151217,1,,
Underground: The Julian Assange Story (2012),20161101,1,,
United 93 (2006),20160211,1,,
Universal Soldier: Day of Reckoning (2012),20160221,1,,
Unlikely Animal Friends: Season 2,20170215,2,,
Up in the Air,20181101,,,
Urban Cowboy (1980),20161101,1,,
Valhalla (2013),20150915,1,,
Valley of the Dolls (1967),20161201,1,,
Vampire in Brooklyn (1995),20160801,1,,
Van Wilder: Freshman Year,20170501,1,,
Vanilla Ice Goes Amish (Season 1),20160401,2,,
Vanilla Sky,20170401,1,,
Vanishing of the Bees (2009),20160527,1,,
Vanity Fair,20170101,1,,
Varsity Blues (1999),20161101,1,,
Velvet Goldmine (1998),20160601,1,,
Venom Islands,20170501,1,,
Venus and Serena (2012),20160701,1,,
View From the Top (2003),20160601,1,,
Violet & Daisy (2011),20160217,1,,
Virginia (2010),20151130,1,,
W. (2008),20150901,1,,
War Witch (2012),20150910,1,,
Waste Land (2010),20160315,1,,
Wayne’s World (1992),20160601,1,,
We Are the Giant,20170601,1,,
We Were Soldiers (2002),20160930,1,,
Web Junkie,20170303,1,,
Were the World Mine (2008),20160211,1,,
What About Bob?,20170505,1,,
What Women Want (2000),20161101,1,,
What’s Eating Gilbert Grape,20170201,1,,
Where the Red Fern Grows (1974),20160801,1,,
While You Were Sleeping,20170701,1,,
Who Framed Roger Rabbit (1988),20160624,1,,
Why Did I Get Married? (2007),20151212,1,,
Wild Kratts (Seasons 1 to 3),20160701,2,,
Wilfred: Season 4,20170407,2,,
Wilfred: Seasons 1 – 2,20170901,2,,
Windtalkers (2002),20151001,1,,
Wings (1927),20160301,1,,
Winnie the Pooh: A Very Merry Pooh Year,20170217,1,,
Wish Upon a Star (1996),20160815,1,,
Witness (1985),20160701,1,,
Wolf (2013),20160930,1,,
Wolverine and the X-Men (Season 1),20151004,2,,
Women Aren’t Funny (2014),20160701,1,,
Women Who Kill (2012),20160331,1,,
WordWorld (Season 1),20160701,2,,
Working Girl,20170701,1,,
World Trade Center (2006),20161201,1,,
World War II in Colour (2009),20161215,1,,
World War II Spy School,20170501,1,,
World War Z (2013),20150930,1,,
Xenia,20170608,1,,
xXx (2002),20161130,1,,
Year of the Dog (2007),20151101,1,,
You Got Served (2004) ,20151001,1,,
You Live in What?: Season 3,20170101,2,,
Young & Handsome: An Evening With Jeff Garlin (2008),20160501,1,,
Young Justice: Seasons 1-2,20170801,2,,
Young@Heart,20170801,1,,
Your Inner Fish (2014),20151101,1,,
Zack and Miri Make a Porno,20170801,1,,
Zathura (2005),20160831,1,,
Zoboomafoo (Season 2),20160701,2,,
Zoolander (2001),20160901,1,,
Zoolander (2001),20160101,1,,
Zoom: Academy for Superheroes,20170101,1,,