Vulture,11月-18,https://www.vulture.com/article/new-on-netflix-movies-shows-originals.html,,
Vulture,10月-18,http://www.vulture.com/2018/09/new-on-netflix-october-2018-movies-tv-and-original-series.html,9,october
Vulture,9月-18,http://www.vulture.com/2018/08/new-on-netflix-september-2018-movies-tv-and-original-series.html,8,september
Vulture,8月-18,http://www.vulture.com/2018/07/new-on-netflix-august-2018-movies-tv-and-original-series.html,7,august
Vulture,7月-18,http://www.vulture.com/2018/06/new-on-netflix-july-2018-movies-tv-and-original-series.html,6,july
Vulture,6月-18,http://www.vulture.com/2018/05/new-on-netflix-june-2018-movies-tv-original-series.html,5,june
Vulture,5月-18,http://www.vulture.com/2018/04/whats-new-on-netflix-may-2018.html,4,may
Vulture,4月-18,http://www.vulture.com/2018/03/whats-new-on-netflix-april-2018.html,3,april
Vulture,3月-18,http://www.vulture.com/2018/02/whats-new-on-netflix-march-2018.html,2,march
Vulture,2月-18,http://www.vulture.com/2018/01/whats-new-on-netflix-february-2018.html,1,february
Vulture,1月-18,http://www.vulture.com/2017/12/whats-new-on-netflix-january-2018.html,12,january
Vulture,12月-17,http://www.vulture.com/2017/11/whats-new-on-netflix-december-2017.html,11,december
Vulture,11月-17,http://www.vulture.com/2017/10/whats-new-on-netflix-november-2017.html,10,november
Vulture,10月-17,http://www.vulture.com/2017/09/whats-new-on-netflix-october-2017.html,9,october
Vulture,9月-17,http://www.vulture.com/2017/08/whats-new-on-netflix-september-2017.html,8,september
Vulture,8月-17,http://www.vulture.com/2017/07/whats-new-on-netflix-august-2017.html,7,august
Vulture,7月-17,http://www.vulture.com/2017/06/whats-new-on-netflix-july-2017.html,6,july
Vulture,6月-17,http://www.vulture.com/2017/05/whats-new-on-netflix-june-2017.html,5,june
Vulture,5月-17,http://www.vulture.com/2017/04/whats-new-on-netflix-may-2017.html,4,may
Vulture,4月-17,http://www.vulture.com/2017/03/whats-new-on-netflix-april-2017.html,3,april
Vulture,3月-17,http://www.vulture.com/2017/02/whats-new-on-netflix-march-2017.html,2,march
Vulture,2月-17,http://www.vulture.com/2017/01/whats-new-on-netflix-february-2017.html,1,february
Vulture,1月-17,http://www.vulture.com/2016/12/whats-new-on-netflix-january-2017.html,12,january
Vulture,12月-16,http://www.vulture.com/2016/11/whats-new-on-netflix-december-2016.html,11,december
Vulture,11月-16,http://www.vulture.com/2016/10/whats-new-on-netflix-november-2016.html,10,november
Vulture,10月-16,http://www.vulture.com/2016/09/whats-new-on-netflix-october-2016.html,9,october
Vulture,9月-16,http://www.vulture.com/2016/08/whats-new-on-netflix-september-2016.html,8,september
Vulture,8月-16,http://www.vulture.com/2016/07/whats-new-on-netflix-august-2016.html,7,august
Vulture,7月-16,http://www.vulture.com/2016/06/whats-new-on-netflix-july-2016.html,6,july
Vulture,6月-16,http://www.vulture.com/2016/05/whats-new-on-netflix-june-2016.html,5,june
Vulture,5月-16,http://www.vulture.com/2016/04/whats-new-on-netflix-may-2016.html,4,may
Vulture,4月-16,http://www.vulture.com/2016/03/whats-new-on-netflix-april-2016.html,3,april
Vulture,3月-16,http://www.vulture.com/2016/02/whats-new-on-netflix-march-2016.html,2,march
Vulture,2月-16,http://www.vulture.com/2016/01/whats-new-on-netflix-february-2016.html,1,february
Vulture,1月-16,http://www.vulture.com/2015/12/whats-new-on-netflix-january-2016.html,12,january
Vulture,12月-15,http://www.vulture.com/2015/11/whats-new-on-netflix-december-2015.html,,
Vulture,11月-15,http://www.vulture.com/2015/10/whats-new-on-netflix-november-2015.html,,
Vulture,10月-15,http://www.vulture.com/2015/09/whats-new-on-netflix-october-2015.html,,
Vulture,9月-15,http://www.vulture.com/2015/08/new-on-netflix-september-2015.html,,
Vulture,8月-15,http://www.vulture.com/2015/07/whats-new-on-netflix-august-2015.html,,
Vulture,7月-15,http://www.vulture.com/2015/06/whats-new-on-netflix-july-2015.html,,
Vulture,6月-15,http://www.vulture.com/2015/05/whats-new-on-netflix-june-2015.html,,
Vulture,5月-15,http://www.vulture.com/2015/04/whats-new-on-netflix-may-2015.html,,
Vulture,4月-15,http://www.vulture.com/2015/03/whats-new-on-netflix-april-2015.html,,
Vulture,3月-15,http://www.vulture.com/2015/02/whats-new-on-netflix-march-2015.html,,
Vulture,2月-15,http://www.vulture.com/2015/01/new-on-netflix-february-2015.html,,
Vulture,1月-15,http://www.vulture.com/2014/12/new-on-netflix-january-2014.html,,
Vulture,12月-14,http://www.vulture.com/2014/11/new-on-netflix-december-2014.html,,
Vulture,11月-14,http://www.vulture.com/2014/10/new-on-netflix-november-2014.html,,
Vulture,10月-14,http://www.vulture.com/2014/09/new-on-netflix-october-2014.html,,
Vulture,9月-14,http://www.vulture.com/2014/08/new-on-netflix-streaming-september-2014.html,,
Vulture,8月-14,http://www.vulture.com/2014/07/whats-new-on-netflix-streaming-august-2014.html,,
Vulture,7月-14,http://www.vulture.com/2014/06/whats-new-on-netflix-streaming-july-2014.html,,
Vulture,6月-14,http://www.vulture.com/2014/05/whats-new-on-netflix-streaming-june-2014.html,,
Vulture,5月-14,http://www.vulture.com/2014/05/new-on-netflix-may-2014-hook-godzilla-bond.html,,
Vulture,4月-14,http://www.vulture.com/2014/04/whats-new-on-netflix-streaming-april-2014.html,,
Vulture,3月-14,http://www.vulture.com/2014/03/netflix-streaming-new-best-march-2014.html,,
Vulture,2月-14,http://www.vulture.com/2014/02/whats-new-on-netflix-streaming-february-2014.html,,
Vulture,1月-14,http://www.vulture.com/2014/01/whats-new-on-netflix-streaming-january-2014.html,,
Vulture,12月-13,http://www.vulture.com/2013/12/whats-new-on-netflix-streaming-december-2013.html,,
Vulture,11月-13,http://www.vulture.com/2013/11/whats-new-on-netflix-streaming-november-2013.html,,
Vulture,10月-13,http://www.vulture.com/2013/10/whats-new-on-netflix-this-month-october-2013.html,,
Vulture,9月-13,http://www.vulture.com/2013/09/whats-new-on-netflix-streaming-this-month-september-2013.html,,
Vulture,8月-13,http://www.vulture.com/2013/08/whats-new-on-netflix-streaming-august-2013.html,,
Vulture,5月-13,,,
Vulture,4月-13,,,
Vulture,3月-13,,,
Vulture,2月-13,,,
Vulture,1月-13,,,